구분,유저,챗봇
배란일/임신일,배란일은 어떻게 알 수 있나요,배란일은 다음 생리 예정일에서 보름전이지만 항상 일정하게 생리를 하는 것이 아니기 때문에 틀릴 수 있습니다. 비교적 정확한 생리라면 배란 주변기에서 앞으로 삼사일 해서 1주일이 임신 가능성이 높은 시기입니다. 
배란일/임신일,임신가능일을 알고싶어요,배란일은 다음 생리 예정일에서 보름전이지만 항상 일정하게 생리를 하는 것이 아니기 때문에 틀릴 수 있습니다. 비교적 정확한 생리라면 배란 주변기에서 앞으로 삼사일 해서 1주일이 임신 가능성이 높은 시기입니다. 
배란일/임신일,가임 가능일을 알고싶어요,배란일은 다음 생리 예정일에서 보름전이지만 항상 일정하게 생리를 하는 것이 아니기 때문에 틀릴 수 있습니다. 비교적 정확한 생리라면 배란 주변기에서 앞으로 삼사일 해서 1주일이 임신 가능성이 높은 시기입니다. 
배란일/임신일,언제 임신할 수 있을까요,배란일은 다음 생리 예정일에서 보름전이지만 항상 일정하게 생리를 하는 것이 아니기 때문에 틀릴 수 있습니다. 비교적 정확한 생리라면 배란 주변기에서 앞으로 삼사일 해서 1주일이 임신 가능성이 높은 시기입니다. 
임테기 흐림,임신테스트기의 줄이 흐리게 보여요,임신여부를 가장 확실하게 알 수 있는 방법은 병원에서 초음파 검사로 자군애 임신을 확인하는 방법입니다. 질식 초음파를 사용하면 수정후 2주가 지나면 확인 할 수 있습니다. 
임테기 흐림,임테기가 흐리게 나와요,임신여부를 가장 확실하게 알 수 있는 방법은 병원에서 초음파 검사로 자군애 임신을 확인하는 방법입니다. 질식 초음파를 사용하면 수정후 2주가 지나면 확인 할 수 있습니다. 
임테기 흐림,임테기 결과가 이상해요,임신여부를 가장 확실하게 알 수 있는 방법은 병원에서 초음파 검사로 자군애 임신을 확인하는 방법입니다. 질식 초음파를 사용하면 수정후 2주가 지나면 확인 할 수 있습니다. 
임테기 흐림,임테기가 틀릴 수 있나요,임신여부를 가장 확실하게 알 수 있는 방법은 병원에서 초음파 검사로 자군애 임신을 확인하는 방법입니다. 질식 초음파를 사용하면 수정후 2주가 지나면 확인 할 수 있습니다. 
임테기 흐림,임신 테스트기에서 두 줄이 나왔어요,임신여부를 가장 확실하게 알 수 있는 방법은 병원에서 초음파 검사로 자군애 임신을 확인하는 방법입니다. 질식 초음파를 사용하면 수정후 2주가 지나면 확인 할 수 있습니다. 
착상혈,착상혈은 꼭 있나요,착상혈은 있을 수도 있고 없을 수도 있습니다. 착상혈 유무로 임신을 판단할 수 없습니다. 
착상혈,착상혈이 안나와요,착상혈은 있을 수도 있고 없을 수도 있습니다. 착상혈 유무로 임신을 판단할 수 없습니다. 
착상혈,착상혈이 없어요,착상혈은 있을 수도 있고 없을 수도 있습니다. 착상혈 유무로 임신을 판단할 수 없습니다. 
비정상적 출혈,생리가 아닌 피가 묻어나와요,"평소 생리가 규칙적이었다면 임신과 관련된 출혈일 수 있습니다. 임신 확인 검사는 경우에 따라 늦게 나타날 수도 있으니, 5~7일뒤 다시 검사해보는 것을 권장합니다.  병원에서 검진하는 것을 추천합니다. "
고혈압,혈압약을 먹어도 괜찮나요,고혈압이 있어도 출산이 가능합니다. 다만 임신중에 금기되는 고혈압 약제가 있기때문에 병원진단을 받으시는 것을 추천드립니다. 
고혈압,고혈압이 있어도 출산이 가능한가요,고혈압이 있어도 출산이 가능합니다. 다만 임신중에 금기되는 고혈압 약제가 있기때문에 병원진단을 받으시는 것을 추천드립니다. 
임테기 시기,임신테스트기는 언제 하는것이 적합한가요,임신 확인은 배란후 3주정도 지나야 정확하게 확인 가능합니다. 그러므로 생리 예정일에서 1주 정도 지나도 생리가 없다면 검사를 추천드립니다. 
임테기 언제,임테기는 언제 해야 하나요,임신 확인은 배란후 3주정도 지나야 정확하게 확인 가능합니다. 그러므로 생리 예정일에서 1주 정도 지나도 생리가 없다면 검사를 추천드립니다. 
임신주수,임신주수는 어떻게 계산하나요,임신주수는 마지막 월경 시작일 부터 계산합나다. 임신 개월수로 2개월에 해당합니다. 
임신주수,임신주수를 알려주세요,임신주수는 마지막 월경 시작일 부터 계산합나다. 임신 개월수로 2개월에 해당합니다. 
산전검사,산전검사는 무엇인가요,"한번도 산부인과 검진을 받은 적이 없다면 꼭 받아야 할 검사가 있습니다. 난소에 혹이 있는지, 배란은 잘 되는지, 염증은 없는지 검사합니다. "
산전검사,산전검사를 해야하나요,"한번도 산부인과 검진을 받은 적이 없다면 꼭 받아야 할 검사가 있습니다. 난소에 혹이 있는지, 배란은 잘 되는지, 염증은 없는지 검사합니다. "
임신 불가,아이가 생기지 않아요,병원에서 검사를 받으시는 것을 추천합니다. 검사는 비교적 간단하고 수월 합니다. 꼭 받아보시는 것을 추천드립니다. 
임신 불가,임신이 안되요,병원에서 검사를 받으시는 것을 추천합니다. 검사는 비교적 간단하고 수월 합니다. 꼭 받아보시는 것을 추천드립니다. 
둘째,둘째가 생기지 않아요,첫아이는 출산하셨으므로 2차성 불임이 의심됩니다. 병원에서 진단을 추천드립니다. 
둘째,첫아이는 출산했는데 둘째가 생기지 않아요,첫아이는 출산하셨으므로 2차성 불임이 의심됩니다. 병원에서 진단을 추천드립니다. 
인공임신중절,인공 임신 중절을 하면 불임이 되나요,"인공 임신 중절 수슬은 염증반응을 일으키고, 염증반응이 자궁강 및 자궁목 유착과 나팔관 폐쇄를 야기하여 불임에 빠질 수 있습니다. "
입덧,입덧이 너무 힘이듭니다. ,"불행하게 입덧을 치료할 뾰족한 방법은 없습니다. 음식을 소량씩 먹는것이 도움이 될 수 있습니다. 입덧이 너무 심하다면 입원을 하거나 구토제, 수액과 같은 치료를 해야하는 경우도 있습니다. 입덧으로 체중이 감소하는 분들도 있습니다. 태야의 성장에는 큰 영향이 없으니 걱정하지 않으셔도 됩니다. "
입덧,입덧이 심해요,"불행하게 입덧을 치료할 뾰족한 방법은 없습니다. 음식을 소량씩 먹는것이 도움이 될 수 있습니다. 입덧이 너무 심하다면 입원을 하거나 구토제, 수액과 같은 치료를 해야하는 경우도 있습니다. 입덧으로 체중이 감소하는 분들도 있습니다. 태야의 성장에는 큰 영향이 없으니 걱정하지 않으셔도 됩니다. "
입덧,입덧 치료는 가능한가요?,"불행하게 입덧을 치료할 뾰족한 방법은 없습니다. 음식을 소량씩 먹는것이 도움이 될 수 있습니다. 입덧이 너무 심하다면 입원을 하거나 구토제, 수액과 같은 치료를 해야하는 경우도 있습니다. 입덧으로 체중이 감소하는 분들도 있습니다. 태야의 성장에는 큰 영향이 없으니 걱정하지 않으셔도 됩니다. "
매운음식,매운 음식이 먹고 싶어요,입덧 때문에 위장관장애가 많을 시기입니다. 가급적 자극적인 음식은 피하는 것이 좋습니다. 
매운음식,매운음식을 먹어도 되나요,입덧 때문에 위장관장애가 많을 시기입니다. 가급적 자극적인 음식은 피하는 것이 좋습니다. 
계류유산,아기집은 커지는데 아기가 없습니다. ,계류유산으로 생각됩니다. 는어도 임신 6주 이후에는 태낭에 배야가 보입니다. 계류유산으로 진단이 된다면 자궁소파술을 통해서 유산물을 제거하여야 합니다. 
계류유산,배아가 보이지 않아요,계류유산으로 생각됩니다. 는어도 임신 6주 이후에는 태낭에 배야가 보입니다. 계류유산으로 진단이 된다면 자궁소파술을 통해서 유산물을 제거하여야 합니다. 
전치태반,전치태반이 무엇인가요,"태아가 커지면서 자궁도 늘어나고 커지게 되는데, 이러한 과정에서 태반이 어느정도 이동하는 것으로 알려져있습니다. 임신 중기에 자궁 경부를 완전이 덮고 있는 태반이라도 만삭때는 40%정도만 전치태반이 유지되는 것으로 알려져있습니다. "
임질균,임질균에 감염되었어요,"임신중의 임질균 감염은 반드시 치료하여햐 합니다. 그렇지 않을 경우 패혈성 자연유산, 조산, 신생아 감염등 여러 합병증을 불러올 수 있스ㅂ니다. 병원 진료를 추천드립니다. "
임질균,임신중 임질균 감염,"임신중의 임질균 감염은 반드시 치료하여햐 합니다. 그렇지 않을 경우 패혈성 자연유산, 조산, 신생아 감염등 여러 합병증을 불러올 수 있스ㅂ니다. 병원 진료를 추천드립니다. "
질의 가려움,분비물이 나오면 가렵습니다. ,임신기간중에 질 분비물이 많아지는 것은 보통입니다. 질 분비물이 많아도 냄새가 심하지 않다면 문제는 없습니다. 그러나 위의 증세가 있다면 검사가 필요합니다. 
질의 가려움,냉이 나오면 가렵습니다. ,임신기간중에 질 분비물이 많아지는 것은 보통입니다. 질 분비물이 많아도 냄새가 심하지 않다면 문제는 없습니다. 그러나 위의 증세가 있다면 검사가 필요합니다. 
약물복용,임신초기에 약 복용,약물로 인하여 기형이 발생하는 것은 전체의 4%정도로 생각보다 많은 비중을 차지하지는 않습니다. 어떠한 약제와 약물을 복용하였는지 전문의와 상담을 추천드립니다. 
약물복용,임신중 약물 복용,약물로 인하여 기형이 발생하는 것은 전체의 4%정도로 생각보다 많은 비중을 차지하지는 않습니다. 어떠한 약제와 약물을 복용하였는지 전문의와 상담을 추천드립니다. 
,임신중 예방주사를 맞아도 되나요,독감백신은 사백신이므로 임신에는 전혀 영향이 없습니다. 
두통,머리가 아파요,전통제를 먹으면서 진통완화를 해보시길 바랍니다. 보통은 임신 중기에 두통의 강도와 횟수가 줄어들게 됩니다. 임신 중기 이후에도 두통이 있다면 병원에 내원해 보시길 추천드립니다. 
두통,편두통이 심해요,전통제를 먹으면서 진통완화를 해보시길 바랍니다. 보통은 임신 중기에 두통의 강도와 횟수가 줄어들게 됩니다. 임신 중기 이후에도 두통이 있다면 병원에 내원해 보시길 추천드립니다. 
,사랑니를 뽑아도 되나요,"사랑니에 염증이 있다면 뽑으셔도 무관합니디ㅏ. 임신 중기부터는 국소 마취제, 항생제, 소염진통제는 태아에 영향이 없습니다. "
,사랑니에 염증이 있어요,"사랑니에 염증이 있다면 뽑으셔도 무관합니디ㅏ. 임신 중기부터는 국소 마취제, 항생제, 소염진통제는 태아에 영향이 없습니다. "
,변비가 심해요,"임신중에 변비는 임신오조 등으로 인한 수분섭취의 부족, 철분제 복용, 운동량감소로 일어 날 수 있습니다. 이를 방지하기 위해서는 충분한 수분의 섭취와 섬유질 섭취, 그리고 적당한 운동이 필요합니다.  치질 증상의 경우에는 변비약, 국소용 진통제, 좌욕등이 증상을 감소시킬 수 있습니다. 이와 같은 처치는 의사와 상담을 추천드립니다. "
,치질 증상이 있어요,"임신중에 변비는 임신오조 등으로 인한 수분섭취의 부족, 철분제 복용, 운동량감소로 일어 날 수 있습니다. 이를 방지하기 위해서는 충분한 수분의 섭취와 섬유질 섭취, 그리고 적당한 운동이 필요합니다.  치질 증상의 경우에는 변비약, 국소용 진통제, 좌욕등이 증상을 감소시킬 수 있습니다. 이와 같은 처치는 의사와 상담을 추천드립니다. "
,다리가 저립니다. ,"임신중에는 다리가 뭉치고, 쥐가나는 현상은 혈액 순환이 좋지 않아서 생기는 경우 마그네슘과 미네랄 결핍이으로 증상이 심해지기도 합니다. 마사지와 미네랄이 포함된 종합 영양제가 도움이 될 수 있습니다. "
,다리가 뭉칩니다. ,"임신중에는 다리가 뭉치고, 쥐가나는 현상은 혈액 순환이 좋지 않아서 생기는 경우 마그네슘과 미네랄 결핍이으로 증상이 심해지기도 합니다. 마사지와 미네랄이 포함된 종합 영양제가 도움이 될 수 있습니다. "
,골반이 아픕니다. ,"임신 후반기에 가서 골반뼈나 허리뼈 통증을 많이 호소합니다. 평산시의 자궁위치가 정상위치보다 후굴이거나, 한쪽으로 많이 치우쳐 있다면 초기부터 아플 수도 있습니다. 정형외과를 방문하셔서 척추의 이상이 없는지 확인을 권장합니다 "
,허리가 아픕니다. ,"임신 후반기에 가서 골반뼈나 허리뼈 통증을 많이 호소합니다. 평산시의 자궁위치가 정상위치보다 후굴이거나, 한쪽으로 많이 치우쳐 있다면 초기부터 아플 수도 있습니다. 정형외과를 방문하셔서 척추의 이상이 없는지 확인을 권장합니다 "
,오르가즘을 느끼면 아이에게 해가 되나요,임신중 오르가즘을 느껴도 아이에게 많은 문제가 되지 않습니다. 다만 조산기가 있는 경우 조산의 위험이 있습ㄴ지다. 그런 경우가 아니라면 관계없습니다. 다만 임신 초기에는 성관계를 조심하셔야 합니다. 
,오르가즘을 느껴도 문제가 없나요,임신중 오르가즘을 느껴도 아이에게 많은 문제가 되지 않습니다. 다만 조산기가 있는 경우 조산의 위험이 있습ㄴ지다. 그런 경우가 아니라면 관계없습니다. 다만 임신 초기에는 성관계를 조심하셔야 합니다. 
,커피를 마셔도 되나요,카페인의 기형유발성에 대한 의학적 증거는 없습니다. 하루에 500mg이상의 커피를 마셨을때 자연 유산율이 높다는 의학 보고가 있습니다. 2002년 미국식이협회에서는 하루에 300mg이하로 커피 마실것을 권장하고 있습니다. 
,술을 마셨어요,알코올은 태아 기형을 일으킬 수 있습니다. 하지만 보통은 임신 기간 내내 과음하는 경우에 문제가 됩니다. 
,담배를 피는것이 문제가 되나요,임신중의 흡연은 태아의 성장에 직접적이 영향을 줍니다. 금연하시길 바랍니다
,담배를 해도 되나요,임신중의 흡연은 태아의 성장에 직접적이 영향을 줍니다. 금연하시길 바랍니다
,철분제는 언제 부터 먹어야 하나요,철분제는 소화장애가 있어서 일반적으로 요구량이 증가되는 임신 20주 이후부터 복용을 권장합니다. 
,칼슘제를 추천해 주세요,임신 중에는 철분제제를 챙겨드셔야 하나 칼슘은 식사에 추가해서 드실 필요는 없습니다. 
,양수검사를 해도 되냐요,양수검사는 위험이나 비용의 문제가 있습니다. 노산이라던가 염색체 이상의 가능성이 높은 경우 양수검사를 고려해보는 것을 추천드립니다. 
,정밀 초음파 검사는 언제 받아야 하나요,정밀 초음파 검사는 태아의 발육상태가 정상인지 확인하는데 사용됩니다. 그러나 검사를 시행하여도 모든 이상을 발견하기는 어렵습니다. 일반적인 기형은 대게 쉽게 찾을 수 있습니다. 
,양수량이 많아요,"양수량이 많은 경우에는 태아기형과 관련이 많으며 태가의 중추 신경계와 소화기계통의 기형과 관련이 있습니다. 산모에게도 조기 태반박리, 조산 혹은 분만후 출혈등 안좋은 영향을 미칩니다. "
,아이가 거꾸로 있습니다. ,분만 예정일 까지 기간이 많이 남았다면 정상적인 위치로 돌아올 가능성이 있습니다. 첫번째 임신에서 거꾸로 있는 상태라면 제왕절개를 새행하는 것이 안전한 방법입니다.
,제왕절개후 모유수유를 할 수 있나요?,제왕절개를 했다고 모유수유가 불가능 한것은 아닙니다. 모유분비량은 개인차가 있습니다. 모유분비량이 적다고 포기하는 일을 없도록 하십시오. 
,출산 예정일이 지났어요,일반적으로 정상적인 분만시기는 37-42주입니다. 42주가 지나면 태아의 상태가 좋지 않은 확률이 증가하므로 그전에 분만할것을 권장합니다. 주치의의 의견을 따르시길 바랍니다. 
,출산후 생리는 언제하나요,"모유수유를 하지 않은 여성의 70프로는 12주이내에 월경이 시작되며 , 평균으저긍로는 7-9주 이내에 시작합니다. "
,함몰유두인데 모유수유가 가능한가요,심각한 함몰유두가 아니라면 모유수유는 가능합니다. 
,배란중 출혈은 괜찮은 건가요?,"배란기때 나는 출혈은 호르몬 변화에 따른 출혈로 진단 할 수 있고, 이상소견은 아닙니다. 정확한 진단을 받아보시기를 권장합니다. "
,임신 중에 머리카락이 너무 많이 빠집니다. 출산 전에 머리카락이 많이 빠지기도 하나요?,남성 호르몬이 많이 분비되는 경우에 탈모가 일어날 수 있는데 출산 후에 탈모가 있는 경우는 비교적 흔하게 나타나지만 임신 중의 탈모는 드문 경우이므로 임신으로 인한 스트레스가 원인으로 작용할 수도 있습니다. 심각한 원형 탈모 등이 아니면 좀 더 관찰해 보시고 갈수록 심해진다면 임신이 원인이 아닐 수 있으므로 피부과에서 상담을 받아 보시는 게 좋을 듯 합니다.
,며칠 전부터 소변 끝에 약간의 피가 묻어 나는데 괜찮은지요? 첫 아이때 유산기가 심해서 6개월까지 하혈했던 기억이 있어 불안합니다.,"약간의 출혈이 있는 것은 안정을 취하고 있으면 대부분 멎고 좋아집니다. 그러나 출혈량이 계속 줄어들지 않거나, 증가하는 양상이면서 배까지 아프면 미리 병원에 가셔서 진찰을 받으시는 것이 좋습니다."
,엽산제는 언제까지 복용해야 하나요?,"엽산은 태아의 기형을 예방하는데 많은 도움을 주는데, 현재 임신 4개월에 접어들었으면 태아의 장기는 모두 형성된 상태입니다."
,철분제는 언제부터 언제까지 먹어야 하는지 알고 싶습니다.,"철분제는 빈혈이 있는 경우에는 임신 4개월, 빈혈이 없는 경우에는 임신 5개월 정도부터 복용하는 것이 좋습니다. 근래에 나오는 철분제들은 위장관 장애가 매우 적지만, 간혹 임신으로 인한 오심, 구토, 변비, 설사 등의 증상을 악화시킬 수가 있습니다. 임신 초기이더라도 빈혈이 심한 상태이면 담당선생님과 상의하여 철분제를 복용하시는 것이 좋습니다. 분만 때까지 복용하여야 하며, 분만 후에 빈혈이 있거나 모유수유 시에는 2개월 정도 더 복용하시는 것이 좋습니다."
,왼쪽가슴 바로 밑이 찌르듯이 아픕니다. 짓눌리는 느낌도 들고 명치라고 하나요? 음식을 먹으면 통증이 더 심해집니다. 꼬이듯 아프고 통증이 심한데 큰 문제인가요?,명치끝이 아프고 또 음식을 먹으면 더 아프시다는 것으로 봐서는 위장의 문제인 것으로 보입니다. 임신 중에는 자궁이 커지면서 위장이 위쪽으로 밀려가서 위 역류나 소화불량 등의 증상이 발생하게 됩니다. 증상이 심하시다면 약 처방을 받아 복용하실 수 있습니다.
,임산부는 약도 못 먹는 걸로 아는데 체하거나 배탈이 나서 설사를 할 때는 어떻게 해야 하나요?,"임신 기간 동안, 태아의 장기가 형성되는 시기(수정 후 3주~8주, 생리가 규칙적인 경우에는 마지막 생리 시작 후 5주~10주)를 제외하고는 대부분의 약들은 태아에게 큰 영향을 주지는 않습니다. 물 론, 임신 기간 내내 절대 복용하지 말아야 할 약물들도 있습니다. 
체하거나 설사를 하는 경우에 복용하는 약물들(소화제, 설사약)은 태아에게 거의 문제가 없습니다."
,정밀초음파검사 시 우리아기의 머릿속에 물 혹이 있다고 그러더라고요. 8개월쯤 되면 없어질 거라며 걱정 말라고 하셨는데 그래도 제 맘은 그게 아닙니다. 너무 걱정되고 불안합니다,"물 혹이라고 하면서 없어질 거라고 했다면 아마도 맥락막총 낭종 (choroid plexus cyst)일 가능성이 높습니다. 정상아의 1% 정도에서 나타났다 사라진다고 하는데 드물게 염색체 이상이 있는 아기가 있을 수 있으며, 다른 기형이 동반되어 있으면 양수검사를 시행하는 것이 바람직합니다. 대부분의 맥락막총 낭종은 정 상적인 경우이니 너무 미리 염려하지 마세요."
,일반초음파와 정밀초음파는 어떻게 다른지요?,"임신 시 초음파 검사는 임신주수 예측, 태아크기 평가, 태아기형 유무, 양수량 측정, 태반의 위치, 자궁 및 난소의 평가를 위해서 반드시 필요한 검사 중의 하나입니다. 

산전 초음파 검사는 산전 진찰 방문 시마다 매번 하게 되는 것이 아니고 필요한 정보를 얻고자 하는 시기에 따라 시행합니다. 
정밀 초음파는 보통 임신 20~24주경 초음파에 숙련된 사람에 의해서 태아의 구조적 이상을 평가하는 검사로 일반 초음파 보다는 가격이 비싸지만 여러 가지 기형을 조기에 진단할 수 있는 검사입니다. 
과거 기형이 있는 태아를 분만한 경우, 일반 초음파에서 이상소견이 있는 경우, 고령의 산모, 혈청 기형아 검사에서 이상소견이 있는 경우에는 반드시 정밀 초음파를 시행하는 것이 좋겠고 건강한 일반 산모는 정밀초음파가 필수사항은 아닙니다."
,임신중에 체중은 얼마정도 늘어나나요,"만삭 임신 시에 정상 범주의 체중을 가진 산모에서 체중의 증가는 임신 전 보다 11.5kg~16kg의 증가가 이상적입니다. 저체중의 산모는 이 보다 1~2kg 많게 그리고 과체중의 산모는 이 보다 4kg 적은 체중의 증가가 이상적입니다. 
산모의 체중 증가와 신생아 체중과는 상관관계가 많으며, 임신성 당뇨병, 임신 중독증과 인과 관계가 있습니다만, 체중증가만 가지고 임신 중 나쁜 예후를 말하기는 어렵습니다. 
참고로 임신 중의 체중 증가는 임신 10주에 650gm, 임신 20주에 4kg, 임신 30주에 8.5kg, 임신 40주에 12.5kg입니다."
,임신 사실을 알고 난 후 분비물이 많아졌는데요. 얼마 전부터는 분비물 외 물 같은 것이 나오거든요. 어떤 날은 속옷이 축축하게 젖을 정도로 물 같은 것이 나와서 혹시 어떤 문제 가있는건 아닌지 걱정되어서 문의 드립니다,"임신을 하게 되면 자궁 경부와 질에서 분비물이 증가하기 때문에 이 와 같은 증상을 호소하시는 분들이 많습니다. 또한 임신 중 질염이 발생하는 경우에도 분비물이 증가할 수 있습니 
다. 분비물 증가와 함께 가려움증이나 통증 등의 증상이 있으면 병원에 가셔서 검사를 받아보시고 치료를 받으시는 것이 좋겠습니다. 
분비물이 물처럼 계속 흐르는 경우에는 양막이 파열되었는지를 확인하는 것이 좋겠습니다. 양막 파열 유무는 간단한 검사로 확인할 수 있고, 초음파로 양수량이 줄어들었는지 확인할 수 있으니 다니시는 병원에 가셔서 검사를 해보시길 바랍니다."
,하지정맥류 관리는 어떻게 하나요,"임신 중에는 체중이 증가하고 자궁이 커짐에 따라 하지정맥의 압력이 증가하여 일반적으로 정맥류가 심해지는 경향이 있습니다. 특히 오래 서있는 경우에 더 심해지지요. 
임신 중의 처치로는 주기적으로 다리를 올린 상태로 휴식을 취하는 것과 탄력스타킹(의료기기를 파는 곳에서 구할 수 있습니다)을 착용하여 혈액순환을 돕는 것입니다. 
음식과는 관계가 없으나 지나치게 짠 음식은 피하시는 것이 좋습니다."
,입덧 중에도 소화불량에 걸리는 경우가 있나요?,"임신 초기 입덧은 산모에게 스트레스가 될 수 있습니다. 입덧에 대한 완치 약은 없고, 시간이 지나면 서서히 입덧도 좋아지게 되지만 입덧 때문에 많이 힘들어 하시는 산모들에게 도움이 되는(태 아에게도 안전한)약은 있습니다. 

물론 소화가 잘 안 되는 경우 소화제를 드셔도 큰 문제는 없습니다. 
그러나 어떤 소화제를 드실 지, 입덧에 도움이 되는 어떤 약을 드실지는 산부인과 선생님과 상의를 하셔서 복용해야 합니다."
,양 수가 적으면 진통도 잘 못 느낀다고 하던데 어떻게 해야 하나요?,"양수가 적다고 진통을 못 느낀다거나 자연분만이 어렵지는 않습니다. 양수가 적으면 태아가 자유롭게 움직이기 어려워져 태동이 감소할 수는 있습니다. 너무 걱정 마시고 매주 1~2번씩 병원에 가셔서 태동검사와 초음파검사를 받아보시고 주치의 선생님과 잘 상의하시기 바랍니다. 평상시보다 태동이 유달리 감소한다든지, 다른 이상 증상이 있을 때는 곧바로 병원으로 가시기 바랍니다."
,손저림 증상의 원인은 무엇인가요,손저림 현상은 임신 중반기 이후에 흔한 증상으로 주변 조직의 부종으로 손목을 통과하는 신경이 눌리므로 나타나는 증상입니다. 대부분 아침에 심하고 손목을 움직이면서 증상이 나아집니다. 특별한 방법은 없으며 출산 후에 대부분 좋아집니다. 손목 운동을 하고 따뜻한 물에 손을 담그는 방법도 효과가 있습니다. 음식을 짜고 맵게 섭취하지 않는 것도 임신 중 부종을 예방합니다.
,모유수유를 중단해야 임신이 가능한가요,"수유하지 않는 산모에서 정상월경의 재개는 산후 6~8주, 수유하는 산모는 산후 2개월 내지 18개월로, 정상월경의 재개에 차이가 있습니다. 배란의 재개도 수유하는 산모에서 늦게 일어나고 또 언제 배란이 재개될지는 예측이 어렵고 가능성도 희박하지만, 빠른 경우에는 산후 3주부터 배란이 시작될 수 있는 것으로 알려져 있습니다."
,출산후 부부관계에 출혈이 있습니다. ,"출산 후 3개월이 되었으면 자궁이 정상으로 돌아온 상태입니다. 성교시 출혈이 있다면 자궁경부가 많이 헐어있거나 염증 등의 원인이 있으며, 기타 더 나쁜 원인도 있을 수 있습니다. 그러므로 산부인과에서 자궁경부암 검사 등을 받아보시기를 권해드립니다."
,출산 후 부터 생리가 불규칙해요,출산 후 생리가 회복될 때는 약간의 불규칙성이 있기도 합니다. 출혈이 너무 심하면 빈혈이 올 수 있으므로 진찰이 필요하지만 그렇지 않으면 1주일 정도 빨리 하는 것은 일시적인 현상일 수 있으므로 지켜 볼 수 있습니다. 생리가 돌아오면 임신이 되므로 가족계획을 원하면 적절한 피임을 해야 합니다.
,B형 간염 보균자가 아기에게 미치는 옇향,"신생아에게 면역 글로불린과 예방접종이 출생 직후 그리고, 그 후에 스케줄대로 접종되었다면, B형 간염 보균자의 모유수유는 원칙적으로 금기 사항이 아닙니다. 그러나 엄마의 간 효소 수치가 1,000이상이라면, 엄마의 전신 상태가 불량한 상태이기 때문에 이 경우에 아기 에 대한 감염 여부를 떠나서, 엄마의 전신 상태 때문에 모유 수유를 하지 않는 것이 바람직합니다."
,생리없이 임신이 되기도 하나요,"보통 수유 중에는 피임이 필요 없다고 생각하는 분들이 많습니다. 
그러나 수유 중이라 하더라도 분만 후 3개월 이후의 시기부터는 피임이 필요하다고 알려져 있습니다. 수유 중에 무월경 상태로 지내다가 갑자기 임신이 되는 경우도 종종 있으며 임신 상태를 잘 모르고 지내는 경우도 볼 수 있습니다. 특히 수유 중에도 수유양이 적거나 분유와 같이 먹이는 경우 피임은 필요합니다."
,아기 머리가 크면 꼭 유도분만을 해야하나요,"가끔 다른 부위의 크기는 정상이나, 두위(머리)가 큰 경우가 종종 있으며, 뇌수종 등의 선천적 질환이 없는 경우에는 태아에게 이상이 없으나, 머리가 너무 클 경우 자연분만이 어려울 가능성이 높다는 것이 문제입니다. 
이럴 경우, 더 크기 전에 유도 분만 할 수도 있고, 더 기다린 후에 유도 분만을 하여도 힘들 경우라고 판단될 경우 수술을 할 수도 있습니다. 그러나 이 모든 것도 담당 선생님과 충분한 상의 후 결정하시는 것이 좋을 듯 합니다."
,남편도 엽산을 복용해야 하나요,"A 엽산은 아기 신경관 결손 발생을 감소시켜주는 효과가 있어서 임신을 준비 중인 여성분은 임신 전 부터 복용할 것을 권하고 있습니다. 
남편 분은 엽산을 복용하실 필요가 없습니다. 본인만 드시고 임신 초기 3개월까지만 드시면 됩니다."
,생리가 늦어지면서 배란일을 맞추기가 어렵습니다. ,"생리주기가 며칠씩 틀려질 수 있지만 건강상에 문제가 있는 것은 아닙니다. 생리를 한주기씩 거르거나 안할 때가 문제인 것이지요. 
하루씩 틀려지는 정도는 규칙적으로 생리를 한다고 말할 수 있습니다. 하지만 이렇게 생리주기가 틀릴 때는 배란일을 맞추기가 어렵습니다. 일반적으로 배란일은 다음번 생리예정일에서 14일 전이 배란일이 됩니다. 즉 28일 생리주기일 때는 생리 시작 후 14일째가 배란일이고 35일 생리 주기일 때는 생리 시작 후 21일째가 배란일이 됩니다. 그러나 생리 주기가 매번 바뀔 때에는 일괄적인 적용이 어렵습니다. 피임을 안하신지가 얼마 되지 않았네요. 굳이 배란일을 신경 쓰지 않고 자연스럽게 임신 시도하는 것도 좋을 것 같습니다."
,임신을 원하는데 자궁근종으로 임신이 잘 안되는 걸까요,"자궁근종은 생리량이 많아지거나 생리통을 일으킬 수 있고 또 불규칙한 질 출혈의 원인이 되기도 합니다. 
하지만 그 증상은 크기와 위치에 따라 다르게 나타납니다. 자궁근종이 있다고 해서 불임이 되는 것은 아니지만 불임의 다른 원인이 발견되지 않았다면 자궁근종 때문에 임신이 안되는가 생각해 볼 수 있습니다. 그런데 임신이 잘 안된다고 하셨는데 피임을 안 하고 배란기에 맞춰서 잠자리를 가졌는데도 임신이 몇 개월 동안 안되는지 궁금합니다. 만약 1년이 지나도 임신이 안 되는 것이라면 자궁근종에 대한 수술을 고려해 볼 수도 있지만 그런 것이 아니라면 조금 더 기다려 보시는 것도 좋겠습니다."
,임신이 잘 안되는데 어떻게 해야하나요,"정상적인 부부관계(배란 시기를 예상하여 잠자리를 1년 이상 정상적으로 하였을 경우)를 하였어도 임신이 안 될 경우, 불임에 대한 검사를 해 보시는 것이 좋습니다. 불임의 원인은 자궁경관 점액상태, 항정자증, 나팔관 통기검사(HSG : 나팔관이 정상적으로 잘 뚫려있는지 알아보는 검사), 또한 남편의 정액검사 및 그 외 필요한 기본적인 혈액검사 등이 있습니다. 그리고 특히 여성의 나이가 많을수록 보다 빨리 위의 검사들을 하여 이상이 없는 경우, 배란 유도 등을 시행하여 임신을 시도하는 것이 좋습니다. 불임 전문 병원으로 가셔서 불임에 대한 상담을 해 보시는 것이 좋을 듯합니다."
,배란통이 심합니다. ,"배란통은 모든 사람에게, 또 같은 사람이라도 모든 배란일에 발생하는 것은 아닙니다. 또한 그 양상도 다양할 수 있습니다. 
그러므로 이러한 통증이 배란통인지 아닌지는 단순하게 그 증상만을 가지고 판단할 수는 없습니다. 귀하의 경우와 같이 평상시와 다르게 느껴졌다면 산부인과적인 문제가 있을 수도 있습니다. 반드시 병원에 방문하여 보시기 바랍니다."
,나팔관이 없으면 정말 임신을 할 수 없나요,"나팔관은 자궁의 양측에 있으며 양측 모두 수술을 해서 제거하거나 
막힌 경우 자연 임신은 어렵습니다. 그러나 양측 나팔관이 없어도 난소와 자궁이 정상이라면 시험관아기 시술이 가능합니다."
,재왕절개후 자궁유착은 아이에게 나쁜 영향을 줄 수 있나요,"자궁유착이란, 개복 수술을 많이 하면 할수록, 자궁과 복막이 붙는 것을 말하는 것으로, 이는 수술(개복)을 많이 하면 할수록 더 심하게 올 수 있는 경우를 말합니다. 자궁 유착이 있는 경우, 제왕절개수술시 유착을 제거한 후에 자궁을 열고 아이를 분만하는데 걸리는 시간이 그 만큼 길어지게 됩니다. 이런 경우, 아이가 분만하기 전 마취에 노출되는 시간이 길어지므로, 분만시 아이가 어느 정도 마취약에 노출될 수밖에 없고, 태어나자마자 아이가 잘 울지 않을 수도 있으며, 아이의 상태를 나타내는 Apgar score라는 점수가 낮아 질 수 있습니다. 그렇지만 아이에게 커다란 문제가 생기는 것은 아닙니다. 유착이 매우 심해 분만시 시간이 많이 걸리면, 태어나서 아이가 잘 울지 않을 경우가 있고, 이런 경우 태아에게 기관지에 삽관 할 수도 있습니다. 그러므로 제왕절개수술을 많이 하면 할수록 유착이 심해지고, 또한 유착을 박리할 경우 유착이 없는 경우보다 출혈도 더 있을 수 있습니다. 그렇지만 이로 인해 손발절임 등이 올 수 있는 직접적인 원인이라고는 볼 수 없습니다. 유착이 심한 경우라고 임신 중 아이에게 문제가 있지는 않습니다. 또한 유착이 심해 나팔관의 폐색을 동반한 경우에는 임신율이 떨어질 수도 있습니다."
,다낭성인데 빨리 임신이 되었으면 합니다. ,배란 유도제로 배란이 된다면 임신 가능성이 있으므로 꾸준히 치료를 받으시기 바랍니다. 배란이 되어도 한 주기에 임신율은 15%정도 입니다. 한두 달 내에 임신을 하기도 하지만 좀 더 오래 기다리는 사람들도 있습니다. 난포는 하루에 1~2mm정도 자라며 개인 차이가 있지만 대개 20mm 전후 크기에서 배란이 됩니다. 정자가 여성의 생식기 안에서 3일 정도 생존하므로 배란 전에 2일에 한번 정도 관계하면 임신이 될 수 있는 것입니다. 난포가 1.8cm라면 배란기라고 생각할 수 있습니다. 하루빨리 좋은 소식 있으시기 바랍니다.
,갑상선 치료중 임신이 되어 걱정입니다. ,"갑상선 질환이 있어도 약으로 잘 조절 되고 있으면 임신 하시는데 
상관없습니다. 물론 임신 중에도 잘 조절하시면 됩니다. 증상이 심하거나 염증이 심하면 치료 후에 임신을 하셔도 되고 특별한 이상이 없으면 치료 없이 임신 하셔도 됩니다. 담당 주치의와 잘 상의하셔서 치료 방침을 정하시면 됩니다. 임신 중에는 일반적으로 갑상선 호르몬(씬지로이드)의 요구량이 50~100% 증가 한다는 것에 유념 하십시오."
,임신 중 배 뭉침이 심합니다. ,"자궁 경부 길이가 짧아졌다는 것은 조기 진통이 진행 중 일수가 있다는 것입니다. 
조기 진통이란, 규칙적인 자궁 수축(배뭉침)으로 적어도 7~8분에 한 번씩 있다는 것이고, 얼마큼 짧아져야 위험하다는 것 보다는 규칙적인 조기 진통(적어도 7~8분에 한 번씩) 유무 또는 강도가 점점 강해지는가 하는 것이 중요합니다. 그러므로 조기 진통이 있다고 판단되어 질 경우에는 조기 진통이 규칙적인 진통으로 진행되어 결국 분만으로 연결될 수 있으므로(아직은 태아 체중이 분만하기에는 위험함), 우선 절대 안정을 취하고, 그래도 안 될 경우에는 자궁 수축 억제제를 투여하여 조금 더 시간을 끄는 것이 좋을 듯합니다. 
결론적으로 배뭉침이 자주 있을 경우 산부인과를 방문하여 태아 안녕검사를 통해 진통시간 및 간격, 규칙성 등을 체크해보시는 것이 좋을 것 같습니다."
,제왕절개 수술후 둘째는 자연분만이 가능한가요,"과거에는 한번 제왕절개수술하면 그 다음에는 반드시 제왕절개수술을 반복하는 것이 원칙이었습니다만, 근래에는 이와 같은 경우에도 제왕절개수술 후 질식 정상분만(브이백, VBAC, Vaginal Birth After Cesarean section)이 가능합니다. 브이백의 위험성은 분만 과정 중에 자궁의 파열, 태아 긴박증 등이 있을 수 있기 때문에 대상 산모를 잘 선별하여 실시하여야 합니다. 협골반, 현재 임신된 아기가 거대아, 태아의 위치 이상, 자궁절개 부위의 연장 및 감염증, 전번 수술 시에 합병증의 발생, 전번 수술과의 터울이 짧은 경우(18개월 미만), 전번 수술에서 자궁의 종절개 등인 경우에는 브이백을 실시 할 수 없습니다. 중요한 것은 자궁 파열의 전구 증상의 출현, 태아 긴박증과 같은 응급상황을 조기에 발견하고 응급 제왕절개수술을 실시 할 수 있는 시설과 산부인과의사, 마취과 의사, 간호사가 있는 병원에서 브이백을 실시하는 것이 가장 바람직합니다."
,임신중인데 다리 통증이 심히요,"다리가 아프신 것은 특별히 임신과 관련된 증상은 아닙니다. 
물론 피곤하고 혈액 순환이 안 되어서 부종이나 근육 경련이 잘 일어날 수 있으나 정확한 진단을 위해서는 진찰을 해봐야 알 수 있습니다. 다니시던 산부인과 병원에 가셔서 먼저 진찰을 받아보시길 바랍니다."
,임신이 되면서 불면증으로 고생입니다. ,"불면증 때문에 고생이 많으시군요. 임신 중에 불면증은 산모님처럼 밤에 화장실을 많이 가게 되고 또한 호르몬 변화로 발생할 수 있습니다. 
보통 분만 후에는 좋아집니다. 지금 너무 힘들어서 고생이지요? 그러나 임신 중에는 수면제 등의 약물 복용은 권장할 수가 없고 결국 임신 중 호르몬 변화 및 불편감으로 생긴 것이기 때문에 근본적인 치료는 어렵습니다. 수면을 이루기 위한 여러 대증 요법 등을 이용하시거나 실패한 경우에 전문의와 상의 후에 임신 중에 사용 가능 약물을 사용 하시는 것도 고려 해 볼 수 있습니다."
,임신 초기 속쓰림이 심합니다. ,"임신 6주에 속쓰림으로 고생을 하시고 계시는군요. 임신초기에 입덧으로 무척 고생을 하시는 분들도 있으며, 입덧과는 별도로 위염, 역류성 식도염, 위궤양 등의 위장질환도 임신 중에 발병 할 수 있습니다. 그러므로 우선 산부인과에서 진찰을 받으시고, 동시에 내과에서 진찰을 받으시고 식이요법과 태아에게 해가 없는 약물로 치료를 해 보거나 필요시에는 위 내시경도 하실 수가 있습니다."
,임신 중인데 소변에서 피가 섞여서 나옵니다. ,"임신 중에 혈뇨가 보이면 혈뇨가 임신 자체와 연관된 것보다는 신장(콩팥), 요로, 방광, 요도 등의 병변을 생각해 보아야 합니다. 
혈뇨가 복부통증을 동반하였다면 신장(콩팥), 요로, 방광의 요석증도 의심해 보아야 합니다. 간혹 채뇨과정 중에 질분비물이 소변과 섞여서 마치 혈뇨가 보이는 것으로 오진하기도 합니다. 
임신부는 반드시 첫소변과 끝소변을 제외한 중간뇨를 받아가지고 재검사를 할 필요가 있습니다. 만일 혈뇨가 보인다면 혈뇨의 정도가 어느 정도인지, 복부 및 옆구리 통증을 동반하는지, 열이 있는지, 이들 증상이 점점 심해지는 지를 관찰하고 전문의 진료를 받아 보아야 합니다."
,태아가 거꾸로 있는데 어떻게 해야할까요,"둔위 임신은 임신중기에는 현재 일시적인 현상일 수 있습니다. 그러나 출산예정일이 가까워 졌는데도 계속 그렇다면 수술을 준비하면서 기다려야 합니다. 수술전날에 확인했을 때도 가끔 돌아오는 경우가 있거든요. 가벼운 활동이 조금 도움이 되겠지만 특정 운동이 어떤 효험이 있다는 보고는 아직 없습니다. 
담당선생님이랑 진료를 하면서 태아 위치를 확인하도록 하세요."
,아내가 입덧이 심한데 어떻게 해야할까요,"입덧에 좋은 음식은 정해지지 않았습니다. 
산모 본인이 맞는 음식을 드셔야겠지요. 입덧은 임신 자체의 호르몬 변화 때문에 생긴 것이기 때문에 입덧을 덜 수 있는 특별한 방법은 없습니다. 임신 10주 정도가 가장 심할 때이고 그 후 감소되어 16주 정도면 사라집니다. 많이 심하셔서 음식을 전혀 못 드시면 병원에서 영양제 투여 받고 경우에 따라서 구토억제제 투여를 받으셔야 합니다. 또 시중에 나와 있는 릴리프 밴드라는 구토 억제 효과가 있는 팔찌를 구입하셔서 착용하시면 도움이 되실 수 도 있습니다만 아직 확실한 근거는 없습니다. 그러나 근본적으로 임신으로 인한 오심 구토는 해결책이 없습니다. 자궁 안에 애기가 건강히 있는 것으로 위안을 삼고 시간이 지나기를 기다리는 것이 가장 최선입니다."
,풍진예방주사후 임신이 되어 걱정입니다. ,"현재 풍진주사 후 3개월간은 피임할 것을 권하고 있습니다. 
그럼 그 3개월 사이에 임신한 경우가 문제가 될 수 있겠는데요, 지금까지 보고된 바에 의하면 풍진 주사 후 태아에게 직접 감염을 일으킨 예는 없었습니다. 그러나 그 안전성이 아직 확보되지 않은 상태입니다. 
따라서 임신을 계속 유지하기를 원하신다면 임신 중기에 제대 천자검사와 정밀 초음파를 통해 태아의 감염 여부를 확인해 볼 수도 있겠습니다."
,임신중인데 아이들이 수두에 걸렸어요,"현재 22주면 만일 수두에 감염되었을 경우라도, 태아 기형을 유발하지는 않으며 또한 치료적 유산을 권하지는 않으나, 임신 중 감기 등 바이러스 질환에 노출 되었을 경우(2차 감염 등에 노출될 경우) 치료를 요할 경우가 있으므로, 가능하다면 조심하실 필요가 있습니다. 그리고 어렸을 때 감염된 것은 현재 아무 문제없는 것으로 보이므로 걱정하시지 않아도 좋을 듯합니다."
,이슬이 비쳤는데 진통이 없어요,"이슬은 진통의 전조증상 중 하나이긴 하지만, 이슬이 비췄다고 해서 반드시 바로 진통이 오는 것만은 아닙니다. 
일부 산모의 경우 이슬이 비춘 이후로 꽤 오랜 동안 진통이 없는 경우도 있습니다. 그러나 생리처럼 피가 많이 나왔다면 병원에 가셔서 자궁 경부가 얼마나 열렸는지, 태반이나 태아의 상태는 괜찮은지 확인을 하시는 것이 좋겠습니다."
,임신중에 칼슘 섭취를 위해 우유를 얼마나 마셔야하나요,"임신 중 약 30g의 칼슘이 체내에 저장되며 그 중 대부분은 태아에게 필요합니다. 이 정도의 칼슘은 모체가 가지고 있는 전체 칼슘량의 2.5%에 불과하며, 대부분은 모체의 뼈에 저장되어 있으므로 태아성장에 즉시 이용될 수 있습니다. 따라서 임신 중이라고 해서 칼슘필요량이 더 증가하는 것은 아닙니다. 칼슘요구량은 임신 전이나 임신 시 그리고 수유 시에도 1,200mg으로 동일합니다. 칼슘섭취량과 태아 허벅지 길이는 관계없습니다."
,임신중 선천성 매독은 어떻게 해야하나요,"매독 반응 검사에는 두 가지가 있습니다. 매독균에 대한 비특이 항체를 사용하는 검사(소위 VDRL검사)와 매독균에 대한 특이 항체를 사용하는 정밀 검사가 있습니다. 일반적으로 임신 중에 시행하는 VDRL검사는 선별검사로서 가짜 양성 반응(위양성)이 나타나는 결점을 가지고 있습니다. 그러므로 VDRL검사 양성 반응이면 정밀검사로서 매독균에 대한 특이 항체를 사용하는 검사를 받도록 하십시오. 드물지만 매독 치료 후에 완치에도 불구하고 VDRL검사가 양성 반응이 약하지만 지속적으로 나타날 수도 있습니다. 
기간을 두고 검사하여 VDRL검사의 양성 반응이 기간이 경과하면서 강한 양성 반응에서 약한 양성반응으로 변화하면 성공적인 치료의 효과로 볼 수 있습니다. 태아의 매독의 선천성 감염여부는 임신 16주에서 20주 사이에 양수를 채취하여 양수 내의 매독균의 존재를 분자 생물학적 방법으로 검사하는 방법도 있습니다. 매독 감염 또는 치료 후의 산모에서 모유 수유가 금기의 사항은 아닙니다."
,임신 주수가 궁금해요,"임신주수는 마지막 생리 시작일 부터 계산합니다. 
2월 9일 생리를 시작하였다면 3월 19일은 2월 9일 부터 약 5주가 되는 날입니다. 따라서 임신 5주가 되는 것이지요. 그러나 생리가 불규칙하여 배란일이 2월 23일경보다 늦어진다면 임신주수는 그보다 적어질 수 있습니다. 이런 경우는 보통 초음파를 보면서 임신주수를 결정하게 되는데 한번의 초음파소견으로 정확한 임신주수를 알기는 어렵습니다. 
임신초기에는 가끔 배가 아픈 경우가 있습니다. 배가 아픈 경우 이것이 정상의 소견인지 또는 유산의 소견인지 알기는 매우 어렵습니다. 만일 유산의 위험이 있다고 진단을 받으셨다면 임신 초기에는 안정을 취하는 것이 좋습니다. 다니시는 산부인과 선생님의 의견을 따르시면 도움이 될 것입니다."
,임신중인데 냉에 냄새가 나고 노랗게 나옵니다. ,"냉이 냄새가 나고 노랗게 나온다구요? 임신 중에는 자궁경부의 분비물이 증가하여 정상적으로도 팬티에 냉이 묻어 나오는 경우가 
많습니다. 그러나 냉이 노랗거나 흰 비지 같고, 냄새가 나거나 가려운 경우에는 정상적인 냉이 아닐 수도 있습니다. 특히 곰팡이성 질염인 경우가 많습니다. 정상적인 냉이 아니라면 임신 초기라도 치료가 가능합니다. 
우선 아래쪽을 미지근한 물로 잘 씻어보세요. 그리고 진료 받으시는 산부인과에 가셔서 냉의 종류를 확인하시고 비정상적인 냉이라면 질정 등으로 치료하실 수 있습니다."
,임신 29주인데 피가 나왔습니다. ,출혈이 되는 원인은 여러 가지 있을 수 있으나 29주는 조기 진통이 자주 일어나는 시기이므로 가급적 빨리 병원을 내원하여 체크해 보시는 것이 나을 듯합니다.
,성병이 태아에 미치는 영향이 궁금합니다. ,Chlamydia와 gardnerella는 태아에게 기형이나 특별한 이상을 일으키지 않는 것으로 보고되고 있습니다. 다만 임신 중에 gardnerella에 감염되면 조산의 위험성이 조금 높아지는 것으로 되어 있습니다. 시험관 아기 시술 전에 감염 여부에 대한 검사를 일반적으로 시행하기 때문에 걱정하지 않으셔도 될 것입니다. 치료 받지 않은 Chlamydia감염증은 출산 후 신생아 폐렴을 일으킬 수 도 있습니다.
,임신중인데 소변에서 당이 나와요,"임신 중에는 정상적으로도 소변으로 약간의 당이 나올 수 있습니다. 
소변스틱으로 검사하는 것은 아주 정확하지는 않으며, 결과는 음성, +1, +2, +3, +4로 구분을 하는데 정상인데도 +1로 나오는 경우가 있습니다. 
소변스틱이 +2 이상으로 나오면 혈당 검사를 다시 시행해야 하지만, 얼마 전에 시행한 혈당 검사가 정상이므로 전혀 걱정하실 필요가 없을 것 같습니다."
,임신중 우유와 달갈섭취가 태아에 알레르기를 유발하나요,"우유와 달걀이 태아의 알레르기와 관련이 있다는 증거는 없습니다. 
현재처럼 드셔도 문제는 없으며, 보통의 식사를 잘 하시면 임신 중에 필요한 칼슘섭취를 충분히 하기 때문에 신경 쓰지 않으셔도 됩니다."
,자궁에 밴드가 있다는데 왜그런건가요,"제가 직접 검사를 한 것이 아니라 위의 내용만으로는 정확한 답변을 드리기 힘듭니다만, 밴드가 자궁 안에 있는 경우는 임신 중 크게 문제되지 않으나 아기집 안에 밴드가 있는 경우는 문제를 일으킬 수도 있으니 자세히 검사를 해보시는 것이 좋습니다. 주치의 선생님께서 자궁 안에 밴드가 있고 크게 걱정하지 않으셔도 된다고 하셨다면 너무 우려하지 않으셔도 될 것 같습니다. 밴드는 자궁 내 염증이나 여러 가지 경우에 생길 수 있으며, 자궁 내 이전에 상처가 난 자리가 아물면서 밴드를 형성할 수도 있습니다."
,임신 중 질세정제에 대해 알고싶어요,"질염이 없는 건강한 여성에게 질세정이 반드시 필요한 것은 아닙니다. 
임신 중 질염은 매우 흔하게 발생하는 일이며 치료에 대부분 반응이 좋으나 재발을 하기도 합니다. 출산 후에는 오히려 좋아지는 분들도 많습니다. 임신 중 면역력 약화가 임신 중 질염, 방광염 등 각종 감염의 위험이 증가하는 것과 관계가 있다고 합니다. 질염도 원인균에 따라 치료가 달라질 수 있으므로 구체적인 치료는 병원진료를 하시기 바랍니다."
,임신중에 양초공예가 해로운가요,"임신 중에 피부가 양초(paraffin)에 과도하게 노출되거나, 양초 연기에 호흡기가 과도하게 노출되었을 때, 태아에 어떤 위험성이 있는지에 대하여 염려하고 계신 것 같습니다. 아직 paraffin이 태아에 어떤 최기성(기형 유발성)내지 독성을 유발하였다는 뚜렷한 결과 보고는 없습니다. 단지 양초 연기에 산모 호흡기가 과도하게 노출되었을 때 산모의 호흡기 염증을 유발할 수 있으므로 과도한 노출을 피하거나, 보호 장구의 착용을 권장합니다. 또한 모유수유와 양초 공예의 병행도 유해하지 않은 것으로 사료됩니다."
,정밀 초음파 검사를 꼭 받아야 하나요?,"정밀 초음파는 아기의 장기들 뇌, 심장, 복부, 얼굴, 척추, 사지 등 전반적인 것을 자세히 관찰하는 초음파입니다. 시간이 많이 걸리고 숙련된 검사자가 필요하기 때문에 보통은 임신 기간 중 1번, 임신 18~20주 정도에 고위험 산모에서는 필요에 따라 1회 이상 검사를 합니다. 일반적인 초음파 검사 때는 아기 크기 양수양 정도만 검사하게 되고 장기들을 검사하지는 않기 때문에 아기의 기형 여부를 알기 위해서는 정밀 초음파 검사를 받아 보시는 것이 좋습니다. 정밀 초음파로도 70%의 기형밖에 알 수는 없지만 기형 여부를 확인하기 위해서 보통은 검사를 받습니다."
,"임신 마지막 달, 치질 때문에 힘들어요","임신과 출산 후에 치질로 고생하시는 분들이 많습니다. 우선 미지근한 물에 푹 담그고 앉아서 좌욕을 하면서 항문 괄약근을 오물오물 운동을 하여 혈액순환을 좋게 하면서 밖으로 나온 치질을 항문 안으로 밀어 넣어 혈액순환이 되도록 하는 것이 좋습니다. 물론 밀어올리기가 쉽지가 않은 경우가 있는데, 심한 경우에는 치질전문 일반외과에 가셔서 진찰과 치료를 받으면 훨씬 좋아집니다. 좌욕하는 물의 온도는 태아에게 영향이 없고, 임신 마지막 달이라고 하시니 필요시에 태아에게 해가 없는 약물들도 사용할 수 있습니다."
,출산 후 자궁수축이 되지 않아 출혈이 계속됩니다. ,"분만 후 자궁 수축이 나빠서 출혈이 되는 경우가 가끔 있습니다. 
고통스럽고 힘드시겠지만 이 시기가 지나면, 즉 시간이 지날수록 또 출혈이 있을 가능성이 급격히 줄어든답니다. 그러니 맘 편히 가지시고 아기와 편히 지내세요. 젖은 못 먹이게 되었으면 분유 먹이시면 되지요. 우선 잘 먹고 잠 편히 주무시고 좀 회복되면 아기도 돌보고 하시지요. 그 정도 했으면 대개는 별일이 없을 겁니다. 앞으로 한 10일간은 되도록 편히 계세요. 철분제 열심히 드시고요."
,출산 후 질이 건조해서 부부관계가 힘들어요,"분만 후 회음절개 부위의 상처가 회복이 덜 된 것은 아닌지요. 
수유 중에는 폐경기처럼 분비물이 줄고 질 벽이 건조해져서 아플 수 있습니다. 젖을 떼게 되면 저절로 돌아오므로 걱정하실 필요 없습니다. 아기를 데리고 자야하므로 긴장이 풀리지 않아 그럴 수도 있습니다. 남편도 알게 모르게 서두르게 될 수 있고요. 분위기를 바꿔보시는 것도 좋겠지요."
,출산 후 체중은 언제쯤 빠지나요,"출산 후 5개월이 지났으면 원래 증가하였던 체중은 거의 다시 빠져서 임신 전의 체중으로 돌아가는 것이 보통입니다. 
혹시 임신 초기에 체중이 어느 정도 감소하였다가 다시 증가하기 시작한건 아닌가요? 제 생각에는 혈압이 정상이고 다른 신체기능(간이나 신장, 심장)에 이상이 없다면 먹는 양이 많고 운동량이 부족해서 생긴 결과인 것으로 판단됩니다."
,모유수유중인데 생리가 불규칙합니다. ,"적은 양이지만 모유수유 중이므로 생리를 하지 않을 것입니다. 
모유수유 중에는 대개 생리를 안 하지만 불규칙적으로 할 수도 있습니다. 물론 배란이 일어나서 임신을 하는 경우도 있고요. 따라서 수유 중에는 임신이 거의 안 되지만 간혹 임신이 되는 경우도 있으므로 임신을 원하지 않는 경우에는 선생님과 상의하셔서 피임을 하셔야 합니다."
,출산 후 골반이 많이 불편합니다. ,"임신 중에는 체중의 중심이 앞으로 이동하여 허리에 많은 부담을 줍니다. 또한 임신, 분만의 경우 우리 몸의 인대가 늘어나는 변화가 있습니다. 우리 선조들이 출산 후 몸조리를 충분히 하라고 하는 것도 이러한 이유에서 입니다. 간혹 그 정도가 심하여 골반 앞쪽이 벌어지는 경우도 있으니 불편한 정도가 심하시면 정형외과의 진료를 받아보시기 바랍니다."
,"피부과 연고를 발랐는데, 모유수유에는 영향이 없나요",데타손 연고는 임신 중 사용에 대해 안정성이 아직 확립되지 않은 약입니다. 모유수유 시에도 모유를 통해 약성분이 아기에게 넘어갈 수 있으므로 꼭 필요한 경우가 아니면 사용을 자제하시는 것이 좋을 것 같습니다. 혹시 모유수유 시 사용 가능한 연고를 처방할 수도 있으니 피부과 진료를 한번 보시는 것이 좋겠습니다. 또한 화폐성 피부염은 모유를 통해 아기에게 전파되지는 않는 것으로 알려져 있으니 너무 걱정하지 않으셔도 될 것 같습니다.
,"어루러기가 생겼는데, 모유수유에는 영향이 없나요","표재성 피부 곰팡이증은 피부의 가장 바깥층인 각질층이나 손발톱, 머리카락에 진균이 감염되어 발생하는 질환입니다. 일단은 피부의 정도와 증상을 보지 않고는 진단하거나 치료하는 것이 어려우므로 진료를 받으신 후에 피부과나 산부인과 선생님과 치료의 유무를 수유에 맞추어서 하시면 될 것으로 생각됩니다. 또한 심하지 않은 정도의 바르는 연고는 수유에는 지장이 없는 경우가 많으므로 검진을 받아보세요."
,출산 후 오로는 언제 쯤 멈추나요,"오로는 출산 후 자궁내막과 질에서의 분비물과 탈락막, 점액 등이 섞여서 나오는 것으로 일반적으로는 4~6주경에는 멈추는 것으로 되어있습니다. 그러나 개인에 따라 차이가 있으며 귀하와 같이 백색에 냄새와 증상이 없는 경우에는 크게 걱정하지 않으셔도 될 것 같습니다."
,젖을 끊으려면 어떻게 해야하나요,"젖의 양이 많으시면 자연적으로 끊기는 쉽지 않으므로 일단은 유축기를 사용하다가 저절로 조금씩 주는 방법이 좋지만, 이 방법이 잘 안 되시면 약을 약 7~14일 복용하여야 하는데 이는 두통으로 힘드실 수 있으므로 일단은 산부인과 선생님과 의논하여 보십시오."
,관절등 지쳐있는 신체 회복을 위한 산후는 무엇이 좋을까요,"보통 분만 후 4주에서 6주까지를 산욕기라고 하는데, 그 이유는 자궁과 다른 신체 기관이 약 6주정도가 되어야 임신 전 상태로 회복되기 때문입니다. 이 시기에는 특히 무리하게 관절을 쓰거나 너무 무리하지 않으시는 것이 좋기 때문에 남편이나 가족들의 도움을 받는 것도 좋습니다. 또한 모유수유를 하는 동안에는 약을 처방받는 것에 대해 주의하셔야 합니다. 일단은 칼슘과 무기질이 많은 음식으로 신체를 회복하도록 노력해 보시고 약에 의존하는 것은 가급적 피하시는 것이 좋겠습니다."
,모유수유중 유두 상처는 아기에게 괜찮을까요,"직접 관찰하고 답변을 하는 것이 아니라 염증인지 아닌지 알 수는 없습니다만 모유수유를 하다보면 유두부분에 상처가 생기고 심하면 피가 나거나 고름이 잡히기도 합니다. 이런 경우라도 모유를 먹이는 것은 상관없습니다. 그러나 통증이 있으면 먹이기가 어렵지요. 통증이 있고, 상처가 아물지 않으면 일단 그쪽 유두로는 상처가 좋아질 때까지 젖을 물리지 않는 것이 좋겠습니다. 
만일 다른 한쪽의 젖만으로는 양이 부족하다면 상처가 있는 쪽에 인공젖꼭지를 사용하거나, 유축기를 이용하여 짜서 아기에게 먹이는 방법도 있습니다."
,분만 예정일이 지나면 유도분만을 해야하나요,"둘째 아이인 경우에는 첫째 보다는 아이가 많이 크지 않은 경우, (터울이 10년 이내인 경우) 더 쉽게 순산할 수 있습니다. 그리고 과거에는 (의사선생님의 주관에 따라) 예정일보다 2주 정도까지 기다려 보기도 하였으나, 1주일 정도만 기다린 후 유도 분만하기도 합니다. 
다만, 양수의 양과 아이의 상태(초음파 및 태반검사를 기준으로)에 따라, 그리고 태아의 체중에 따라, 별다른 문제가 없다면 예정일 전에도 유도 분만 할 수 있으나, 예정일이 정확하다면 그리고 태아 체중이 적당하다면 1주일 이상 기다릴 필요는 없습니다. 
이런 경우 만일 2주일 이상 더 기다릴 경우 오히려 진통(양수가 적은 경우) 중 태아 상태가 좋지 않을 수 있어 수술할 경우도 종종 발생할 수도 있습니다. 유도분만이라고 하여 문제가 되는 것은 아니므로, 담당 선생님의 판단에 맡기시어 분만 시기를 잡는 것이 좋을 듯합니다."
,임신 중 요통을 완화시킬 수 있는 방법을 알려주세요,"바로 눕게 되면 자궁이 대정맥을 누르게 되어 혈액순환의 장애가 일어나므로 임신 중 오랫동안 바로 눕는 것은 권장하지 않습니다. 그러나 잠깐씩은 괜찮습니다. 임신 중 허리의 통증은 몸의 중심이 불러진 배로 인하여 앞으로 이동하여 과도하게 요추가 앞으로 휘게 되어 발생합니다. 
이를 돕기 위해서는 임신부 복대나 거들을 사용하여 배를 받쳐주게 하면 도움이 되기도 합니다. 또한 오랫동안 서있는 경우에는 발 받침대 위에 한쪽 발을 올려놓으면 골반을 앞쪽으로 기울게 하면 장요근(iliopsoas)이 이완되며, 요추와 척추의 근육 긴장도를 감소시키게 되어 요통에 도움을 주며, 옆으로 누울 때는 엉덩이와 등의 긴장을 완화시키기 위해서 다리를 약간 구부리고, 다리 사이와 복부 아래에 작은 베개를 놓으면 통증 감소에 도움이 됩니다. 
침대에서 일어날 때는 복직근의 긴장과 분리의 원인이 되므로 갑작스럽게 똑바로 일어나는 행위(jack-knifing)는 피하고, 신발의 굽이 높으면 몸이 뒤로 기울게 되어 척추의 만곡이 증가될 수 있으므로 굽이 낮고 평편한 신발을 신으면 통증을 완화시킬 수 있습니다. 
요통과 골반통 완화에 도움이 되는 운동은 골반 경사 운동(pelvic tilting)으로 벽에 기대고 서서 하는 자세, 바닥에 등을 대고 누워서 하는 자세, 바닥에 손을 대고 무릎을 구부리고 등을 반듯하게 하는 자세(일명 고양이 체조) 등 다양한 자세가 있습니다. 이 운동은 요추만곡을 감소시키며 골반의 위치를 조절하는 데 중요한 역할을 하는 복부 근육의 적절한 탄력성과 근육의 강도를 유지하고 태아와 골반 장기를 적절히 지지할 수 있도록 도와줍니다."
,고령임신인 경우에 양수검사를 해야하나요,"산모의 연령이 많아질수록 염색체 이상 태아를 임신할 확률이 올라갑니다. 그래서 고령임신인 경우에는 염색체 분석을 할 것을 권하게 됩니다. 고령임신의 기준은 만 35세로 잡고 있는데요. 그 이유는 35세 이후에는 염색체 이상 태아를 임신할 확률이 양수검사의 위험성보다 높아지기 때문에 35세 이후에는 양수검사를 할 것을 권하고 있습니다. 
참고로 만 37세 때 염색체 이상 태아를 임신할 확률은 1,000명당 12명 정도 됩니다. 다만 염색체 이상 태아의 임신인 것이 진단 된 경우에도 치료법이 없기 때문에 이 검사를 받을 지 안 받을 지는 산모님과 남편분이 결정을 하셔야 됩니다. 양수검사의 임신 합병증으로는 조기진통, 조기양막파수, 태아 감염, 태반 출혈, 태아 사망 등이 가능하지만 가능성은 1% 미만으로 높지 않습니다."
,한약 복용중에 임신이 되었어요,"첫 임신 시 터너증후군이 발생한 것은 임신 초 약물 복용과 관계가 없습니다. 현재도 임신 초기이신 것 같은데 임신 매우 초기에 복용한 약물은 오히려 태아에게 미치는 영향이 거의 없습니다. 물론 여드름 약을 비롯한 일부 약물의 경우 반감기가 길어서 오랫동안 체내에 남아 있어 태아에게 영향을 미치는 것도 있습니다. 그러나 임신 중 한약 복용이 태아에게 미치는 영향에 대해서는 근거 자료가 없으므로 알 수 없습니다. 
다행인 것은 앞서 말씀드린 대로 임신 초기이므로 태아에게 미치는 영향은 매우 적을 것으로 생각됩니다. 기형이라는 것은 태아의 여러 장기가 발달하는 과정에 문제가 생겨 발생하는 것인데, 임신 4주 이전에는 장기발생이 이루어지기 전이기 때문에 약물 복용으로 기형아가 발생하지는 않습니다. 문제가 되면 유산이 되거나 아니면 전혀 영향이 없거나 하므로 이와 같은 현상을 all or none phenomenon이라고 합니다. 그리고 실제 모든 기형 중 약물복용에 의한 기형은 2% 밖에 되지 않습니다. 
결론적으로 임신 초기에 약물복용을 했다고 하여 (기형 유발율이 매우 높은 특정 약물이 아니라면) 유산을 고려할 이유가 없습니다. 참고로 이전 터너증후군은 재발율이 매우 낮으므로 이번 임신의 양수검사 적응증이 되지 않는 것으로 되어 있습니다."
,임신중인데 두통이 너무 심해요,"임신 중 두통은 정상적으로도 나타날 수 있는 증상이지만 다른 문제로 일어날 수 있는 증상과 감별이 어렵습니다. 평소에도 두통이 자주 있었고, 머리가 깨질듯이 아프다면 병원에 가셔서 검사를 받으시는 것이 좋겠습니다. 임신 16주 이후이므로 엑스레이 검사도 받을 수 있고, 꼭 필요하다면 뇌 CT도 가능합니다. 물론 MRI도 임신 14주 이후에는 안전하게 검사 받으실 수 있습니다. 
임신 중 여러 가지 신체변화 및 증상은 정상과 비정상을 구분하기 어렵게 하는 경우가 많이 있습니다. 가장 문제가 되는 것은 정상이려니 하면서 병을 키우다가 진단이 늦어져 치료시기를 놓치는 경우입니다. 
신경과 또는 신경외과에 가셔서 진료를 받으시고 필요한 검사를 해보시기 바랍니다. 만약 아무 문제가 없는 것으로 나온다고 해도 쓸 데 없는 검사 했다라고 생각하지 마시고, 내 몸이 정상임을 확인해서 다행이라고 생각하시는 것이 좋겠습니다."
,다낭성 난소 증후군이면 불임이 될 수 있나요,"다낭성 난소증후군은 초음파 검사, 혈액 호르몬 검사, 임상적 증상 등으로 진단할 수 있는 질환으로 젊은 여성(특히 비만여성)에서 불임의 원인이 될 수 있습니다. 불임의 원인은 대개 배란이 안 되어 나타나는데 배란유도제 등 약물치료로 대개는 임신이 가능하므로 너무 걱정하지 않으셔도 됩니다. 다낭성 난소 증후군으로 진단이 되면 불임∼내분비 전문 선생님과 상의하셔서 임신계획을 세우시기 바랍니다."
,갑자기 생리양이 줄었습니다. ,"생리는 날짜가 늦어지거나 양이 줄었어도 일단은 생리를 했다는 것이 중요합니다. 다만 스트레스가 있거나 환경의 변화로 호르몬 조절에 변화가 있을 때 일시적으로 생리주기가 바뀔 수 있습니다. 일시적 현상이면 큰 문제가 되지 않습니다. 앞으로 생리주기를 관찰해보시고, 계속 불규칙하게 변화가 있으시면 산부인과 진찰을 받아보시기 바랍니다. 자궁에 문제가 있을 때는 생리양이 줄어들기보다는 많아지는 경우가 많습니다. 일시적인 변화일 가능성이 높으니 기다려 보는 게 좋겠습니다."
,엽산제를 오래 복용해도 되나요,"엽산제 복용으로 무뇌아나 척추이분증 기형아 발생률을 70%까지 예방할 수 있다고 알려져 있어, 최소 임신 한 달 전부터 복용하는 게 바람직하다고 권장합니다. 만일 이러한 기형아를 가진 가족력이나 기왕력이 있어 사전예방이 필요한 경우는 더 많은 용량을 더 일찍부터 복용하는 것이 좋습니다. 철분제는 빈혈이 없다면 임신 중기부터 복용하시면 됩니다. 엽산은 사전 복용한다고 나쁠 건 없지만(태아에 무해함) 임신을 계획하신다면 지금부터 복용하시면 됩니다."
,임신 준비중인데 운동을 해도 괜찮나요,"원래 오랫동안 해 오던 운동인 경우는 생리 및 배란주기에 별 영향을 끼치지 않습니다. 전혀 하지 않으셨던 운동을 갑자기 시작하신 경우라면 스트레스 등의 갑작스런 신체변화로 생리주기 및 배란주기에 혼란이 오는 경우가 생길 수 있지만, 계속해 오던 운동이시라면 지속하셔도 상관없습니다. 단, 다이어트를 목적으로 적절한 영양 공급 없이 심한 운동을 하는 경우라면 삼가야겠지요. 오히려 갑자기 운동을 중단하여 혹시 체중 증가가 생긴다면 생리주기에 악영향을 끼칠 수 있습니다. 다시 말해서, 적절한 영양섭취와 함께 무리하지 않는 선에서의 적당한 운동은 지속하셔도 무방합니다."
,갑상선 기능 저하증은 임신이 어려운가요,"갑상선 기능 저하증이 조절이 잘 안 되는 경우 호르몬 변화로 생리불순이 오고, 이로 인해 배란 및 임신이 잘 안 될 수 있습니다. 우선 갑상선 기능을 정상화하는 것이 가장 중요합니다. 생리가 정상적으로 잘 이뤄지고 있다면 너무 걱정하시지 마시고 임신을 기다리시길 바랍니다. 또한 임신 후에도 내과진료를 같이 계속 보시면서 갑상선 호르몬 조절을 잘 하셔야 됩니다."
,질염 치료중인데 임신이 되어도 괜찮나요,"통상적으로 사용하는 질정을 배란 시기이거나 임신인 줄 모르고 삽입하였다고 하여, 커다란 문제가 될 것은 없습니다. 그러나 임신 여부를 주의 깊게 확인하여, 적절한 치료를 하시는 것이 좋을 듯 합니다. 질염 치료 기간은 질염 종류에 따라 차이가 있으므로 어떤 종류의 균을 치료하는지 알 필요가 있습니다. 어느 정도 치료하여야 한다는 것은 정해져 있지 않으며, 질염은 환경에 따라 자주 재발할 수도 있습니다."
,배가 가려워서 긁는데 태아에게 영향이 있나요,"산모들은 대사 변화로 인하여 임신 기간 중에 가려움이 있을 수 있습니다. 여기에 피부가 건조해질 경우 증상은 더욱 심해지게 됩니다. 임산부용 팬티 등 옷에 의해서 자극이 될 수도 있으니 자극이 된다고 생각하시는 의류는 피하시는 것이 좋고, 보습크림 같은 것으로 효과가 없을 경우에는 피부과에서 가려움을 약화시킬 수 있는 로션 등을 사용할 수 있습니다. 피부 병변이 동반되지 않을 경우에는 대개 별 이상은 아니며 출산 후에는 호전됩니다. 간혹 임신성 피부 가려움증과 같은 심한 소양증상을 동반하는 경우도 있는데, 이런 경우 분만을 해야만 약화되는 경우도 있으며 주로 배를 중심으로 시작하여 전신으로 퍼지는 경향이 있습니다. 하지만 이런 가려움증은 태아에게는 영향을 주지 않습니다."
,트리플 검사와 쿼드 검사의 차이는 무엇인가요,"트리플 검사와 쿼드 검사는 산모의 혈액 내 호르몬 및 단백질 농도를 측정하여 태아의 다운증후군, 에드워드증후군, 신경관 결손의 위험도(확률)를 계산하는 것입니다. 일반적으로 기형아 검사라고 지칭하지만 이 검사로 모든 기형아를 선별할 수는 없고, 위의 대표적인 기형아를 선별하는 것입니다. 트리플 검사는 세 가지 물질을 검사하고, 쿼드 검사는 트리플 검사에 인히빈이라는 물질을 추가하여 네 가지 물질을 검사합니다. 간단하게 말씀드리면 트리플은 정확도가 약 70%, 쿼드는 약 80%라고 보면 됩니다. 그러므로 쿼드가 조금 더 정확한 검사입니다. 반면, 트리플이나 쿼드 검사에서 음성이 나왔다고 하여 다운증후군, 에드워드증후군, 신경관 결손의 위험이 없는 것은 아닙니다. 쿼드 검사는 현재 보건소에서 시행되지 않는 것으로 알고 있습니다."
,임신중 왼쪽으로만 누워서 자야 되나요,"일반적으로 산모가 누울 때 똑바로 자지 않도록 권장합니다. 그 이유는 똑바로 누우면 척추 바로 위에 있는 대정맥이 임신 중에 커진 자궁에 눌려서 하지로부터 심장으로 향하는 혈액 순환이 어렵게 되어 산모가 저혈압에 빠지고, 태반으로 향하는 혈액 순환에도 그만큼 장해를 주기 때문입니다. 오른쪽, 왼쪽 편하신 쪽으로 번갈아 가면서 누우시면 되지 한 쪽 옆으로 계속 누우시는 것을 고집할 필요가 전혀 없습니다"
,골판이 아파서 똑바로 걸을 수 없어요,"임신 말기에 대퇴골 관절(엉덩이와 허벅지 다리가 연결되는 관절)이 조금 벌어지거나 염증이 생기는 경우, 혹은 다른 골반 뼈들이 벌어져서 통증이 오는 경우가 종종 있습니다. 하지만 단순한 가진통을 다리의 통증으로 느끼는 경우도 있으니 골반인지 허리의 문제인지를 감별하여 주시는 것이 좋을 것으로 보이며, 걷기 힘들 정도로 많이 아프시면 정형외과에서 진찰을 받아보시기 바랍니다. X∼선 촬영 1∼2장 정도는 태아에게 거의 영향이 없습니다. 걷기가 불편하시니까 많이 쉬시는 것이 좋고, 계단은 오르지 마시고 걸레질도 안하시는 것이 좋습니다. 분만 후에는 거의 좋아질 것으로 생각되는데, 통증이 있는 경우에는 타이레놀을 복용하시기 바랍니다."
,임신 초기에 열탕에 들어가면 안되나요,"본인이 참을 수 있는 정도 온도의 물에 잠시 들어갔다 나오셨다면 걱정하지 않으셔도 됩니다. 목욕물 정도의 온도에서 태아가 기형을 일으키지는 않으며, 뜨거운 곳이 오래 있을 때 산모의 탈수나 현기증 등이 더 문제가 되겠습니다. 임신 3개월까지는 항상 문제가 생길 수 있습니다. 정기적인 산전 진찰을 잘 받으시고 건강한 아기를 순산하시기 바랍니다."
,배가 쑤시고 설사를 하는데 괜찮은건가요,"임신과 변비는 서로 상관관계가 있지만, 임신과 설사는 서로 상관관계가 없습니다. 임신이 아닐 때와 마찬가지로 임신 중 설사는 바이러스, 박테리아, 기생충 등의 대변∼구강(입)의 감염에 의하여 발병합니다. 설사로 인하여 탈수 현상이 있거나, 발열(fever)이 있거나, 혈변이 있거나, 48시간 이상 동안 설사의 증상이 좋아 지지 않으면 내과 진료를 받으셔야 합니다. 자꾸 설사가 반복되면 탈수 현상이 일어나고, 설사에 의한 복통이 자궁 수축을 일으키면 조산 또는 유산의 위험도 있을 수 있습니다. 정상 임신에서 임신 18주에 자궁이 뭉치고 쑤시는 증상은 없습니다. 자가 치료를 하지 마시고 병원 진료를 받도록 하십시오."
,취침중에 화장실을 꼭 가게 되요,임신 초기 호르몬에 의한 빈뇨와 다르게 임신 중반기 지나도 자궁이 더 커지면 방광을 누르게 되므로 소변을 자주 볼 수 있습니다. 밤에 일어나는 것이 불편하면 저녁 식사 후에 음료수 종류를 섭취하지 않아 보시기 바랍니다. 한 번 정도 화장실 가는 것은 비정상이 아닙니다. 소변이 방광에 많이 차 있는데 참으면 안 되겠지요.
,배에 빵빵하게 가스가 차요,가스가 찬 느낌이 생겼다고 태아에게 나쁜 영향을 끼치지 않습니다. 아무래도 임신 초기에는 입덧뿐만 아니라 소화가 잘 안되기 때문에 가스가 차는 경우가 종종 있습니다. 생리통처럼 아랫배가 아프거나 피가 나면 유산 기운이 있는 것이기 때문에 병원에 빨리 가보셔야 됩니다만 가스가 찬 느낌으로 부글부글 거린다면 좀 더 기다려 보시도록 하지요. 좌우로 잠드는 것은 전혀 문제가 되지 않습니다. 1∼2분 배가 당기는 느낌은 배가 부르면서 복벽이 늘어나면서 나타나는 현상이고 당기는 느낌이 1∼2분 정도로 끝난다면 특별히 문제되지 않겠는데요. 오히려 만삭이 다 되가시면 좌우로 잠드시는 것이 태아에게 더 편안한 자세이니 너무 걱정하지 마십시오
,해외출장이 있는데 다녀와도 될까요,"임신 중 비행기 여행은 특별한 문제가 없는 경우에는 충분히 가능합니다. 임신 중 비행기 여행이 문제가 될 수 있는 것은 예기치 못했던 응급 상황이 발생하였을 때 그에 대한 처치를 해줄 수 있는 의료진과 의료 장비가 없다는 것입니다. 일반적으로 임신 36주 또는 37주 이전에는 비행기 여행이 가능하다고 할 수 있는데, 그 이후에는 갑자기 언제 진통이나 양막 파열이 생길지 알 수 없기 때문에 가급적 장거리 비행기 여행은 삼가는 것이 좋겠습니다. 임신 중 장거리 비행기 여행 시 장시간 좁은 좌석에 같은 자세로 앉아 있는 경우 하지 혈액 순환이 좋지 않아 정맥류, 치질 등의 위험이 증가합니다. 이를 예방하기 위해서는 1∼2시간에 한 번은 비행기 복도에서 걷는 운동을 해주시는 것이 좋겠습니다. 조산을 한 과거력이 있거나 수술을 한 산모라면 되도록 34주에 장기 출장은 좋지 않을 것으로 보입니다."
,손발이 부어서 너무 아파요,"만삭 때는 손발이 많이 부을 수 있고 이 때문에 손가락과 발가락 뼈마디가 저릴 수 있습니다. 너무 짠 음식은 피하도록 하시고, 분만하시면 다시 대부분 회복되므로 침을 맞는다든지 다른 치료를 할 필요 없을 것 같습니다. 단지 임신 중독증 때도 갑자기 몸이 많이 부을 수 있으므로 병원에 가셔서 혈압 체크와 소변검사를 꼭 하셔야 합니다. 침은 감염에 민감한 산모에게 오히려 좋지 않을 수 있습니다."
,속쓰림이 지속됩니다.,임신 중에는 역류성 식도염이 자주 동반됩니다. 커지는 자궁으로 인해 위장과 식도에 변화가 생겨서 그러는 거지요. 조금씩 자주 드시고 식후에는 몸을 많이 숙이지 마시고요. 지낼만하시면 그대로 지내시고 너무 힘들면 병원을 찾아서 약을 복용해 보세요. 아기가 나오고 나면 대부분 정상으로 돌아옵니다.
,양수검사를 꼭 해야하나요,양수 검사는 원칙적으로 우리나라 여성의 나이 만 35세에 분만을 하시는 시점에서는 하시는 것이 원칙입니다. 물론 많은 분들이 안 하시는 경우가 많겠지만 원칙적으로 나이가 만으로 35세가 넘는 경우에 염색체 기형아를 낳을 확률이 양수 검사로 인해서 합병증이 생길 확률과 거의 같다고 보고 있으므로 하시는 것이 좋습니다.
,갑자기 몸에 열이 많이 납니다. ,"열감이 느껴지고 많이 더워하시지만 실제로 체온이 상승, 즉 열이 나시는 것은 아닙니다. 체온 상승이 있다면 그것은 신체 내 감염을 의미하는 것이기 때문에 빨리 진단받고 치료하셔야 산모나 아기가 모두 안전합니다. 그러나 체온 상승 없이 더위를 타시는 거라면 아기에게는 특별히 나쁜 영향을 끼치진 않습니다. 임신부들은 신체 대사가 상승되고 호르몬의 변화 때문에 더위를 잘 타는 경우가 많습니다. 그러나 더위를 타는 것 외에 신경이 예민해지시고, 많이 피곤하시고 체중증가가 잘 안 되는 등의 증상이 있다면 갑상선 항진증도 의심할 수 있습니다. 갑상선 항진증은 혈액검사로 진단할 수 있고. 검사를 위해서는 다니시는 산부인과 의사선생님께 상의하시면 됩니다."
,신종인플루엔자 접종을 해야하나요,"접종을 하시길 권해 드립니다. 접종하여서 생길 수 있는 문제점과 부작용에 대한 심각성과 합병증의 확률보다는, 접종을 하지 않아서 신종인플루엔자에 걸렸을 경우 나올 수 있는 문제점(태아 뇌신경 장애 등)이 더 크다고 보이므로 접종하시는 것이 좋을 듯합니다."
,참치캔을 먹어도 되나요,"임산부와 참치에 대해서는 2003년에 식약청이 조사 발표했었습니다. 바다의 오염 물질인 메틸수은은 먹이사슬을 통해 축적되기 때문에 보통 작은 물고기를 잡아먹는 대형 어류에 더 많습니다. 이 메틸수은은 일정량 이상 몸에 축적될 경우 독성이 강하기 때문에 다량 섭취에 주의해야 합니다. 미국 FDA에 따르면 안전한 생선의 수은 수치를 1ppm 이하로 정하고 있으며, 일반적으로 어시장에서 판매되는 생선의 경우 대개가 0.12ppm, 그리고 참치 통조림은 상품마다 다르지만 많게는 0.75ppm까지 함유하고 있습니다. 이에 따라 식약청은 임산부나 가임여성, 유아의 경우 참치 요리는 1주일에 한 번 이내, 양은 70~80그램, 한 접시를 넘지 않는 것이 좋다고 권고했습니다. 또한 우리나라의 경우 참치 섭취량이 외국에 비해 훨씬 적기 때문에 일반 성인은 지금처럼 참치를 먹더라도 큰 문제가 없다고 밝혔습니다."
,임신중에 음식 섭취를 어떻게 해야하나요,"임신 시에 가려야 할 음식에 대한 많은 속설이 존재합니다. 또한 물론 산에서 나오고 무농약의 음식들만 먹는다면 좋겠지만, 현대 사회에서 어느 정도의 농약이나 음식에서 나올 수 있는 물질들을 너무 많이 가리는 것은 현실적으로 불가능합니다. 아토피가 있는 산모의 경우 물론 아기가 아토피가 있을 것을 걱정하실 수는 있지만 우유나 콩 등에 평소 알레르기가 있지 않으시다면 드시는 음식을 그냥 드시면 될 것으로 보입니다. 토양이나 어떤 생선에서 나올 수 있다는 이상 물질들이 체내나 태아에게 이상을 일으킬 정도를 섭취하려면 농약지대에서 지속적으로 산다든지 원폭 지역 등 일상적인 지역이 아닌 특수 지역민들을 상대로 한 검사 등을 이야기하는 것이므로 일반적으로 몸에 좋다는 음식 위주의 평범한 식습관으로 골고루 드시는 것이 좋을 것으로 보입니다."
,감기에 걸렸어요,임신 4개월이라면 감기약을 처방 받아서 복용하는 것이 좋겠습니다. 산부인과나 내과에서 임신 중임을 알리면 복용 가능한 안전한 약을 처방해 줄 것입니다. 합병증이 와서 열이 나면 오히려 태아에게 더 좋지 않습니다. 가습기를 트시고 주스나 생수를 많이 마시고 쉬는 것이 좋겠습니다.
,임산부가 먹으면 안좋은 음식이 있나요,"과거에 먹지 말라는 음식 중에 닭을 먹으면 아기 피부가 이상해진다는 이야기가 있는데요. 이를 미신이나 속설로 단정하기는 그렇지만 일단은 모든 음식을 골고루 드시는 게 좋습니다. 팥은 일반적으로 산후 부종이나 젖에 좋다하여 먹는 음식이어서 아마 산전에 임신 중에는 안 좋다고 표현하는 것 같습니다.음 식은 되도록이면 너무 편식하지 않고 골고루 적당히 시간을 지켜 드시고, 가족 중에 당뇨가 있는 경우라면 당뇨 가능성을 확인해 보시는 것을 권장합니다."
,임신중에 모유수유를 할 수 있나요,임신을 하셨다고 해도 모유 수유를 중단해야 할 이유는 없습니다. 언제까지 먹여야 되는 지 따로 시기가 정해져 있는 것은 아닙니다. 출혈 등의 특별한 문제가 없다면 모유 수유는 계속하실 수 있습니다.
,임신 준비 중에 남편이 피부과 약을 복용했는데 괜찮나요,"""임신 중 피부과 약은 무조건 피하라""는 얘기는 잘못된 정보입니다. ""임신 중 피부과 약은 전문의와 상의 후 주의하여 사용하라""가 올바른 정보입니다. 많은 피부과 약은 의학적으로 꼭 필요한 경우 임신 중 사용 가능하며, 일부 약물(특히 여드름 약)만이 절대 금기입니다. 피부과 약뿐 아니라 다른 계통의 약물도 마찬가지입니다. ""임신 중 약물 복용을 하면 안 된다""는 틀린 말이고, ""임신 중 약물 복용은 주의해야 한다.""가 맞는 말입니다. 임신 초기 남편이 복용한 약물은 상관없는 것으로 알려져 있습니다. 더구나 ""씨잘""이라는 항히스타민제와 ""아시클로버""라는 항바이러스제는 태아에게 미치는 영향이 거의 없는 것으로 알려져 있습니다. 매연이 산모의 건강에 좋지는 않겠지만, 태아에게 미치는 영향에 대해서는 잘 알려져 있지 않고, 짧은 순간의 노출이었으므로 태아의 발달에 문제가 되지는 않을 것으로 생각됩니다."
,정신과 약물을 복용하면서 임신이 가능할까요,"정신과 약물(항우울증, 항 불안증 약물)에는 태아에게 유해한 약물들이 포함되어 있는 경우가 종종 있습니다. 우선 복용하고 계신 약물의 종류를 알아야 자세한 상담을 할 수 있습니다. 중요한 것은 매우 유해한 약물은 피하고, 복용하였을 때의 이점과 중단하였을 때의 불리한 점을 저울질하여 비교적 안전성이 입증이 된 약물 중에서 가능한 한 만족할 효과를 주는 최소 용량을 사용하는 것이 정신과 약물 사용의 원칙입니다. 가장 좋은 몸의 상태 때 임신하는 계획 임신 그리고 임신 전 과 임신 초기에 multivitamin, 엽산 등의 충분한 공급도 유익한 효과를 줄 수 있다는 것을 고려하여야 합니다. 치료 약물을 가지고 정신과 선생님과 산부인과 선생님이 함께 방안을 생각하면, 분명히 좋은 해결 방법이 나올 것으로 생각합니다. 가능한 한 3차 의료기관에서의 진료가 바람직할 것으로 사료됩니다."
,임신중독증을 의심해야 하나요,"임신 중에 뇨검사에서 가벼운(mild) 당뇨와 단백뇨가 나타날 수 있습니다. 더욱이 일회의 점적 뇨검사는 반정량 검사로서 정확한 당뇨, 단백뇨를 측정할 수 없습니다. 당뇨 검사보다는 혈액을 이용한 혈당 검사가 보다 정확한 검사입니다. 임신 24주에서 28주사이에 50gm의 포도당액을 마시게 하고 1시간 후에 혈액을 채취하여 혈당을 검사하는 임신성 당뇨병의 선별 검사를 실시합니다. 일회의 점적 뇨검사에서 가벼운 단백뇨는 전날에 단백 섭취가 많았거나. 심한 운동을 하였거나, 소변 채취 과정 중에 오염되었을 때, 새벽의 첫 소변과 같이 농축된 소변에서 가짜의 양성 단백뇨 검사가 나올 수 있습니다. 이와 같은 오류를 피하기 위하여 24시간 모은 소변을 이용하여 단백뇨를 측정하고 24시간 모은 소변내의 단백이 300∼500mg이상이면 단백뇨의 진단을 내립니다. 현재의 혈압과 체중 증가는 임신 중독증의 소견이 아닙니다."
,입덧이 점점 심해져요,"입덧의 정도는 사람에 따라 차이가 있으나 심하다고 해서 병은 아닙니다. 입덧은 아기가 건강히 잘 자라고 있다는 정상적인 현상입니다. 시간이 지나면 저절로 좋아지며, 약을 먹는다고 좋아지지는 않습니다. 입덧이 심해 탈수가 될 정도면 병원에 가셔서 도움을 받으셔야 될 수도 있으니 많이 힘드시면 한번 병원을 방문하시는 것도 좋습니다. 대부분 임신 초기에는 빈혈이 잘 오지 않으며, 정상이더라도 입덧이 심하거나 임신 초기인 경우 간혹 어지러울 수 있습니다. 따라서 철분제는 보통 임신 20주경부터 복용하시면 됩니다. 하지만 만약 심하게 어지러우시다면 병원에 가서 빈혈 검사를 하신 후 철분제를 복용해야 할 수도 있겠습니다."
,자궁 경부 길이가 짧으면 위험한가요,"자궁 경부 길이는 일반적으로 분만 전까지 약 4.5cm 정도이지만 꼭 길이가 같은 것은 아닙니다. 다만 산모분이 조산한 과거력이 있으므로 배가 불편하고 뭉치는 증상이 자주 있고, 쉬는 것과 무관하게 계속적으로 불편하거나 출혈의 양상이 조금이라도 있으시면 병원에 즉시 가셔야 합니다. 현재 아기들 중 미숙아가 증가하고 있으므로 신생아 중환자실의 관리가 되는 병원으로 다니시길 권장합니다. 또한 갑상선 문제는 주치의 선생님과 의논하여 검사를 후 치료를 하시기를 바랍니다."
,분만 예정일인데 가진통이 없어요,"분만을 위해서 가진통이 지금부터 생기는 것이 아니고 분만 예정일 3주 전인 37주부터 가진통도 진진통도 모두 생기는 것입니다. 즉 분만 예정일 전에 약 70%까지는 분만을 다 하시는 것이지요. 산모 분들이 간혹 분만 예정일에 분만을 한다거나 초산은 아기가 좀 늦게 나오는 것을 당연히 여기는 경우가 있는데요. 분만 예정일이 지나고 낳는 경우는 유도분만을 하여야 하며, 과숙아의 경우는 배안에서 태변을 많이 봐서 태변흡입증후군과 같은 현상이 생길 수 있으므로 걷기나 요가 같은 운동을 하시고, 꼭 다니시는 병원에 가셔서 분만을 언제 유도 할 것인지 알아보셔야 합니다."
,"임신 34주차인데, 질염 치료를 해야하나요","임신 중 약물 복용을 할 경우 약물로 인한 기형아의 출산이 문제가 될 수 있으므로 조심하는 것입니다. 그러나 현재의 임신 주수로는, 기형아 출산의 문제점은 없습니다. 아스피린계통의 약물을 용량 이상으로 정기 복용했을 경우에는 출생 시 PDA라는 혈관이상이 올 수도 있고, 테트라싸이클린이라는 항생제를 오래 복용하였을 경우, 태아에게 안 좋은 결과를 유발 할 수도 있으나, 대부분의 약물들은 단기 복용 시 큰 문제가 없으며, 문제가 있는 약물은 산부인과 전문의라면 처방하지 않으니, 너무 걱정하시지 않으셔도 됩니다. 그리고 단순 질염으로 인해 안구 염증이 생긴다고 볼 수 없습니다. 그리고 질염이 있을 경우 질정을 삽입할 수도 있으나, 경구약이 더 효과적일 수도 있으니 치료는 담당 의사선생님께 맡기시는 것이 좋을 듯합니다."
,임신부 치질 어떻게 해야하나요,"임신한 여성의 경우 비임신 시보다 치질에 걸릴 확률이 높은데요. 당장 수술이 필요할 정도로 통증이 심하거나 기타 증상이 심한 경우가 아니라 초기 증상일 경우에는 좌욕이 가장 좋은 방법입니다. 미온수를 이용하여 좌욕을 열심히 하시고, 직장 등에서 오래 앉아 계실 때에는 온열 방석 등을 이용하여 병변을 따뜻하게 유지해 주세요. 변비 등을 완화시키기 위해 푸른 주스나 푸른 열매(말린 것) 등을 복용하는 것도 도움이 될 수 있습니다. 배변을 아주 못하시는 편은 아니므로 이와 같은 대증 요법으로 증상을 조절하실 수 있을 것으로 생각됩니다."
,임신중에 파마를 해도 되나요,"파마 시 아무리 조심한다고 하여도(소량의 파마약일지라도) 파마약이 두피를 통해 혈액으로 전달될 수도 있습니다. 그러니 가능하시다면 하지 않는 것이 좋습니다. 그러나 이미 하셨다면, 임신 주수 등을 감안할 때 기형아에 대한 걱정은 안 하셔도 좋을 듯합니다."
,임신중 장기간 허리에 통증이 있어요,"임신 전부터 허리 통증이 가끔씩 있으셨고, 또 지금 통증의 양상이 유독 심하신 것을 보면 임신의 영향이 아니라 원래부터 있었던 척추의 문제가 임신 후 더 심해지신 것일 수도 있습니다. 그러나 일상생활을 못할 정도의 급성 통증이 아닌 이상 정형외과에서도 분만 후로 진단이나 치료 과정을 연기하는 경우가 많습니다. 즉 지금은 마사지나 휴식, 일반적인 통증 완화를 위한 처치를 하셔야 되고요, 무거운 물건을 드는 것을 피하시는 생활습관이 필요합니다. 통증이 심하신 경우에는 파스 등을 이용할 수 있는데, 이 경우 다니시는 주치의 선생님과 상의하시기 바랍니다. 산후에 통증이 지속된다면 정형외과에 가셔서 검사를 받아보시는 것이 좋겠습니다."
,임신 중 부부 관계에 아기에게 안 좋은 영향을 미치나요,"임신 중의 부부 관계는 태아에게 거의 영향을 미치지 않습니다. 오히려 부부 관계가 부부 사이의 사랑을 더욱 돈독히 해 줄 수 있습니다. 임신 초기에 유산의 위험성이 있거나 임신 후반기에 조산의 위험성이 있으면 부부 관계는 피하는 것이 좋습니다. 그 외의 부부 관계는 전혀 문제가 없으며, 임신 36주까지는 부부 관계를 하셔도 무방합니다. 걱정하지 마시고 남편과 잘 얘기하셔서 부부 관계를 가지시기 바랍니다."
,출산 후 부부관계가 꺼려져요,"출산 후 육아에 온 신경과 정성을 쏟다 보면 성생활에 대한 욕구가 떨어지면서 부부 관계가 소원해지는 경우가 흔히 있습니다. 특이 아이가 어릴 경우, 낮에는 낮대로 그리고 밤에는 밤대로 손이 많이 가기 때문에 여성들의 심신이 많이 지치게 되고 그러면 당연히 성욕이 떨어지게 됩니다. 남편 분이 이런 상황을 이해해 주시면 좋겠지만, 출산 후 3년째이고 이런 상황이 그 시간 동안 지속되었다면 당연히 남편분의 불만도 쌓여 있을 것이라 생각됩니다. 의학 분야 중 성의학라는 분야가 있는데요, 인터넷에 성의학으로 검색하시면 도움을 받을 수 있는 병원들을 찾으실 수 있을 겁니다. 누구에게나 생길 수 있는 상황이므로 너무 걱정하실 필요는 없지만, 그대로 방치해 두신다면 부부 관계에 골이 생길 수 있으므로 병원을 방문하셔서 전문의의 도움을 받으실 것을 권유합니다."
,출산 후 자궁수축이 잘 안될 수 도 있나요,자궁의 수축이 안 좋아서 출혈이 많았던 경우 미처 그 출혈이다 나오지 않고 자궁 안에 고여 있다가 혈종이 되서 늦게 빠지는 수가 있습니다. 또는 분만 후 태반 부산물이 다 떨어지지 않고 있다가 늦게 떨어지는 경우도 있습니다. 그러나 외래에서 자궁에 남아 있는 혈종을 빼셨다고 하시고 또 자궁 수축제도 복용하셨다고 하니 향후 문제가 없을 것으로 보입니다. 지금 출혈이 계속되지 않으시면 자궁 수축은 더 이상 걱정 안 하셔도 됩니다.
,출산 전보다 생리양이 많아졌어요,생리를 정상적인 주기로 잘 하신다면 배란이 정상적으로 이루어지고 있다는 뜻입니다. 생리 전후 냄새가 나는 것은 생리양이 적어서 혈액이 질 속에 오래 고여 있다가 나오면 아무래도 냄새가 많이 나게 됩니다. 출혈 기간이 아닌데 냄새가 나고 가려운 경우에는 질염이 원인이 될 수 있습니다. 간혹 생리대 알레르기도 외음부 가려움의 원인이 되기도 합니다. 그리고 생리양이 많으시다면 자궁 근종 등의 혹이 있을 수도 있고 빈혈이 생길 수 있으므로 산부인과에서 진찰을 받아보시는 것이 좋겠습니다.
,모유수유 도중에 예방접종을 할 수 있나요,풍진과 B형 간염 예방 주사 모두 모유 수유 중 맞으셔도 아기에게는 해가 없으니 안심하시기 바랍니다. 모유를 통해 아기에게 전달되는 양이 매우 적고 아기의 면역력을 증강시킬 수 있다는 보고들도 있으니 걱정 마시고 예방 접종을 맞으세요.
,생리가 끝났는데 출혈이 보여요,"아기 때문에 병원가시기가 쉽지 않으시지요. 경우에 따라서 배란기 때 출혈이 있을 수 있습니다. 어떤 분들은 매번 생리주기 때마다 배란기 출혈이 있으신 분이 있고 어떤 분들은 한두 번 경험하시는 경우가 있습니다. 초음파 검사 등을 통해서 자궁에 이상이 없다는 것을 확인 한 경우에 생리 외의 출혈은 지속되지 않는 한 호르몬 균형의 변화에 따른 것으로 판단할 수 있고 이런 경우 반복되지 않는 한 크게 걱정하지 않으셔도 됩니다. 다만 생리 외의 출혈이 너무 자주 있거나 출혈량이 많아서 생활이 불편하거나 빈혈을 초래할 정도가 되면, 병원에서 호르몬 치료를 받으실 필요가 있습니다. 일단은 더 지켜보시도록 하고요, 여러 번 반복되면 병원에 가서 진찰받아보시기 바랍니다. 그리고 분만 후 일 년 내에 정기 검진 꼭 받으시기 바랍니다."
,출산 후 오로가 안나와요,"보통 오로라고 하는 것은, 출산 후 나오는 분비물로서, 그 내용은 탈락막, 혈구, 자궁내막세포, 그리고 세균 등으로 구성되어 있으며, 첫 수일 내에는 혈액성 오로가 나오고, 3~5일 후부터는 점액성 오로가 나오며, 10일 후부터는 양이 현저히 적은 백혈구가 포함된 백색 오로가 나오기 시작합니다. 그러므로 심한 출혈 및 복통 등의 이상 증상이 없을 경우에는 개인차가 있을 수 있으므로 너무 걱정하시지 않아도 좋을 듯합니다. 3주까지는 모유 수유의 양과 산모의 자궁 상태, 식사 습관, 보양식의 유무에 따라서 따라 오로의 양과 기간이 다양할 수 있습니다. 많은 출혈이나 염증이 없다면 지켜보시면 됩니다."
,수유 중 치과 치료를 받아도 되나요,출산하신 지 6주가 지나셨군요. 치아 상태가 더 악화되기 전에 빨리 치과에서 치료를 받으시는 것이 좋겠습니다. 수술을 할 때 마취제를 사용하고 항생제를 2∼3일 정도 먹는 것이 모유 수유 중인 아기에게 모두 다가는 것이 아닙니다. 더욱이 그렇게 2∼3일 정도 짧게 사용하는 것은 계속 모유 수유를 하셔도 아기에게 큰 영향을 주지 않으므로 걱정하지 않으셔도 되겠습니다.
,출산 시 회음부 절개를 꼭 해야하나요,"출산 시 반드시 회음 절개를 해야 하는 것은 아닙니다. 그러나 서양인에 비해 골반의 크기가 상대적으로 작은 동양인은 회음 절개가 필요한 경우가 대부분입니다. 회음부 절개 시 장단점을 간단하게 말씀드리면, 회음부 절개를 하지 않은 경우 아기 머리가 나오면서 회음부 열상이 불규칙하게 생김으로 인해 봉합이 어렵고 통증이 더 많을 수 있습니다. 또한 회음부 이외의 열상, 특히 방광이나 요도 부위열상이 발생하면 심각한 문제가 발생할 수 있습니다. 반대로 회음부 절개가 항문 괄약근 손상의 위험을 증가시킬 수 있다는 연구결과도 있습니다. 현재 미국산부인과 학회의 가이드라인에 따르면 회음부 절개를 반드시 해야 된다 또는 하지 말아야 된다는 원칙은 없으며 회음부 절개여부는 산모 개개인의 특성이나 상황에 따라 결정하도록 되어 있고, 이는 산부인과 의사선생님 판단에 따를 수밖에 없습니다."
,모유수유 중에도 자궁 경부암 예방접종을 해도 되나요,"자궁경부암 예방접종은 성관계에 노출이 되지 않고, 병변이 없는 경우에 효과가 좋습니다. 우선적으로 자궁암 검사를 하고 접종하시는 것을 권합니다. 수유 하는 데는 문제를 일으키지는 않습니다. 현재 외국에서는 12세 이상의 소아부터 접종을 시키지만 이는 외국의 경우성관계의 노출이 좀 더 우리보다 빠른 관계로 이른 연령이 좀 더 권장되는 것이고 발표된 논문의 경우를 볼 때 현재 백신의 경우 약 7년 정도의 관찰 성과에 대한 결과 논문이 발표되고 있는 것으로 알고 있습니다. 이에 우리나라의 성적인 정서와 논문 발표 결과를 토대로, 개인적으로는 고등학교 졸업 후나 대학생이 되었을 때 권하나 나이는 의사와 환자 개개의 경향에 따라 다르므로 참조하십시오."
,임신 중에 공항검색이 통과 괜찮나요,"공항 검색기 통과 시에 방사선 노출이 있지만, 매우 적은 용량이기 때문에 태아에 미치는 영향은 거의 없습니다. 그러나 자주 방사능에 노출되는 것은 바람직하지 않습니다. 공항 검색기 통과 시에 임산부인 것을 밝히면, 공항 검색기 통과를 제외 한 검사를 받으실 수 있습니다."
,대사포진에 걸렸는데 약을 먹어도 아기에게 안전한가요,"임신으로 인해 많이 피곤하실 텐데 대상포진 때문에 고생이 많으시군요. 아마 통증 자체도 힘들지만, 아기에 대한 걱정이 더 크실 것 같습니다. 대상포진은 수두와는 달린 애기에 대한 기형의 위험은 드물지요. 더군다나 27주에 걸리신 거니까 아기가 잘못될까 하는 걱정은 안 하시는 것이 좋겠습니다. 대상포진에 처방되는 항바이러스제제는 아기에게 안전합니다. 바르는 연고도 있지만 먹는 약을 드시고 계시니 꼭 발라야 하는 것은 아닙니다. 진통제도 드셔도 괜찮은데 아마 임신 중이라서 안 드신 것 같네요. 지금쯤이면 통증이 많이 경감되셨지요?2-3주내로 치료되는데 임신부는 치료가 약간은 더딜 수 있습니다. 너무 걱정하시지 마시고 쉬시면서 몸과 마음의 여유를 찾으시기 바랍니다."
,변비가 심한데 유산균제를 많이 먹어도 되나요,유산균제는 식품이므로 많이 드셔도 됩니다. 영양제의 복용은 일반인들과 큰 차이는 없습니다. 다만 임신 초기에는 엽산 그리고 임신 중기 이후에는 철분제를 반드시 드셔야 되는 것이 다른 거지요. 또 식사를 잘하신다면 영양제를 반드시 복용해야 하는 것은 아닙니다. 시중에 나와 있는 종합 비타민제나 임신부용 영양제 중에서 선택하시면 무리가 없습니다.
,임신 중독증은 아닌데 다리가 엄청 부었어요,"임신을 하게 되면 복부의 자궁이 커지면서 혈액순환이 잘 안됩니다. 그러다 보니 심장에서 가장 먼 종아리와 발, 손등의 정맥내 혈류의 정체가 자주 있고, 이 부위에 부종이나 정맥류 등이 생길 수밖에 없지요. 고혈압이 동반된 임신중독증이 아니라면 너무 걱정 안 하셔도 됩니다. 다리를 올리고 누우시거나, 마사지 등을 하시면 도움이 됩니다."
,비만인 산모인데 아이에게 안좋은 영향을 미칠 수 있나요,"산모의 비만은 임신주수가 진행함에 따라 여러 합병증이 뒤따를 수 있습니다. 정상적인 체중의 산모도 임신주수가 증가함에 따라 복부 및 골반, 허리통증을 호소하는 분이 많으며 산모의 과체중은 이를 더 두드러지게 합니다. 임신성 당뇨를 발현하는 경우도 있고 임신 후기로 갈수록 혈압이 오른다든지, 임신중독증을 동반하기도 하며 태아 성장속도에서 비정상적으로 크거나 오히려 작은 경우가 있으며, 태내의 아이의 활동도가 떨어지는 경우도 있습니다. 고 위험 임신으로 분류되어 다른 산모 분들보다는 짧은 간격으로 자주 진료를 보게 되실 겁니다. 질 내부 및 골반 안쪽도 지방 조직이 자리를 잡게 되어 산도가 넉넉하지 않아 자연 분만이 힘든 게 사실이며, 제왕절개 역시 복부지방층으로 인해 다소 의료진이 부담스러워할 수 있는 수술이기도 하지요. 체중 증가목표를 정해두시고(일반 산모와는 다른 목표치를 갖게 됩니다), 식이 및 운동을 의료진과 잘 상담하신 후 이를 생활화하시는 것이 중요합니다."
,제왕절개술을 하게 되면 수술자국이 계속 남아있게 되나요,제왕절개 수술 자국은 아무래도 계속 남지요. 사람에 따라 어떤 분들은 수술자국이 두껍고 진하게 남고 어떤 분들은 가는 선으로 눈에 띄지가 않습니다. 이것은 수술방법의 차이라기보다는 각개인 마다의 피부 특성의 차이입니다. 수술 자국을 최소화하시려면 수술 3-4주 후부터 흉터 억제를 위한 연고나 테이프들을 붙이시는 것이 좋습니다. 담담 선생님께 상의하시면 안내받을 수 있을 것입니다.
,임신 중 어떤 운동이 좋을까요,임신 전부터 해오시던 운동인 경우는 임신 중에 그대로 하셔도 좋습니다. 그렇지만 임신 중에 새롭게 시작하는 운동인 경우에는 무리하지 않게 하셔야 되지요. 수영은 임신부에게 좋은 운동입니다. 17주인 지금도 좋은 시기이고요. 자유영이든 배영이든 본인이 하실 수 있는 한도 내에서 지치지 않게 천천히 하시는 게 중요합니다. 아니면 임신부를 위한 체조나 요가 등 임신부를 위한 프로그램을 스포츠 센터에서 많이 진행하는 것으로 알고 있습니다. 가볍게 30분씩 걸으시는 것도 좋습니다. 배가 뭉치거나 출혈이 있는 경우에는 운동을 하시면 안 됩니다. 임신 중에는 혈액순환이 잘 안 되서 임신 전보다 다리의 부종이 더 있을 수밖에 없습니다. 직장에서 서있는 경우가 많다면 더욱 그렇지요. 밤에는 다리를 올리고 누워계시기 바랍니다.
,임신중독증은 언제쯤 안심 할 수 있을까요,"임신 중독증은 임신 20주 이후부터 만삭 시까지 임신이 진행하면서 호발 합니다. 첫째 임신에서 임신 중독증이 있었다면, 정상이었던 산모 보다 둘째 때 재발의 위험이 높습니다. 현재 임신 30주라면, 1-2주마다 병원을 방문하셔야 합니다. 단백뇨는 산모의 신장(콩팥)이 손상을 받은 것을 의미합니다. 혈압과 단백뇨의 정도에 따라서 산모와 태아의 성장에 영향을 줍니다. 주기적인 혈압과 단백뇨 check가 필수적입니다. 염분 섭취를 과도하게 줄이거나 단백질 섭취를 과도하게 늘리는 것은 이 질환의 예방에 도움을 주지 못합니다."
,임신중 철분제 꼭 복용해야 하나요,"임신과 산욕기에 생기는 빈혈의 원인은 크게 두 가지인데요. 첫 번째는 철 결핍입니다. 임신 시 태아의 성장과 모체를 위해 평균 800mg 의 철분이 요구되는데, 대부분의 경우 산모는 이보다 낮은 저장철을 가지고 있습니다. 산모의 몸에 철이 충분히 없다고 해도 태아는 필요한 철을 가져가기 때문에 빈혈이 생기게 되죠. 두 번째는 급성 실혈입니다. 자연분만을 통한 경우도 일정량의 출혈이 있고 제왕절개를 하게 된다면 수술 중 출혈이 더 많겠죠. 특히, 태반이상이나 쌍태아 임신, 임신중독증 등 고위험군 산모는 출혈 위험성이 더 높기 때문에 분만 전 빈혈 교정이 꼭 필요합니다. 빈혈은 증상도 중요하지만 혈액검사를 통해 혈색소 수치를 확인해서 진단하게 됩니다. 현재 혈색소 수치가 정상이라도 임신을 유지하는 동안 빈혈이 생길 수 있고, 출혈이 예상되는 분만을 앞두고 있기 때문에 모든 산모에게 철분제 복용을 권고합니다. 또, 분만 후 혈색소 수치가 교정된 후라도 저장철을 보충하기 위해 3개월 간 철분제를 복용하도록 설명하고 있고요. 철분제는 위장관계 부작용이 있기 때문에 먹기 힘든 약에 속하지만, 현재 철분제 종류가 다양하게 나와 있고 이런 위장관계 부작용을 감소시킨 제재도 있습니다. 정맥주사로 맞는 비경구제재도 있고요. 산모가 철분제 부작용이 심하지 않다면 자신에게 맞는 철분제를 찾아 복용하시는 것이 바람직하다고 생각됩니다."
,아기집은 어제부터 보이나요,"수정되어도 초음파로 확실하게 아기집을 확인하려면 수정 후 약 3주 정도 지나야 합니다. 처음 초음파상 아기집이 안 보이는 경우는 대부분이 아직 5주가 안 된 이른 시기여서 그렇습니다. 배란이 예정보다 늦게 되는 경우가 많답니다. 자궁외 임신이란 착상 위치가 자궁 안쪽이 아닌 다른 부위인 경우를 말합니다. 난관인 경우가 가장 흔합니다. 아기집이 아직 안 보이는 경우 물론 자궁외 임신이라서 그럴 수 있지만 자궁외 임신 자체가 그리 흔하지 않은 질환이고, 대부분이 시기가 일러서 보이지 않는 경우이므로 너무 걱정하지 마시고 다음 진료 때 확인하시면 되겠습니다."
,임신초기에 출령이 있어요,"임신 초기 출혈로 주사를 맞으셨다면 아마 호르몬(프로게스테론) 주사였을 것 같습니다. 임신 초기 출혈은 그리 드문 현상은 아니지만 일단 이상 질출혈 및 심한 복부 통증은 절박 유산이라 하여 흔히들 말하는 유산기에 해당된다고 보시면 됩니다. 이중 실질적인 유산으로 이어지는 경우는 그리 많지는 않으나, 물처럼 흐르는 핑크 혹은 붉은색 혈은 위험 신호가 되기도 합니다. 병원에서 별다른 이상 확인 후 갈색 혹은 회색 양상으로 많지 않은 양으로 나오면 안정 취하시길 권유하며, 양이 늘거나 복통을 동반할 때는 산전 진찰을 받으시길 권유 드립니다."
,임신중 칼슘제를 섭취하면 안되나요,"임신 중 칼슘 요구량은 임신전이나 임신 시, 수유 시에도 1,200mg으로 같습니다. 임신 중에는 장에서 칼슘의 흡수가 점차 증가하여 체내 축적량도 증가합니다. 임신 중 약 30 gm의 칼슘이 체내에 저장되며 그 중 대부분은 태아에게 필요합니다. 이 정도의 칼슘은 엄마의 전체 칼슘의 2.5%에 불과하며, 엄마의 뼈에 저장된 칼슘은 태아 성장에 즉시 이용이 됩니다. 그러므로 임신 중에는 식사를 정상적으로 하는 경우에는 특별히 칼슘을 따로 추가하지 않아도 됩니다. 칼슘이 많이 든 식품에는 우유, 치즈, 요거트, 두유, 두부, 참깨, 녹색채소 등이 있습니다."
,태동이 있을 때 마다 아파요,"자궁 안에 있는 태아는 양수에 떠 있는 상태라고도 이야기할 수 있습니다. 양수 안에 떠 있는 아기는 활동(태동)하게 됩니다. 양수는 태아가 활동 할 수 있는 공간을 제공한다고도 할 수 있습니다. 양수의 양은 임신 28-34주까지 꾸준히 증가하였다가 그 이후는 서서히 감소합니다. 임신 중 반기 전후는 태아의 체적(body volume)에 비하여 양수 용적이 상대적으로 많은 시기이고 이 시기에는 태동도 발로 차는 운동(kicking) 등의 활동이 왕성합니다. 태동의 왕성한 것은 크게 문제가 되지 않으며, 태동의 횟수 감소 등이 갑자기 발생하는 것이 문제가 됩니다. 임신 후 반기로 접어들면 태동도 발로 차는 운동(kicking)에서 몸을 굴리는 운동(rolling)으로 바뀌어 태동의 격렬함이 줄어들 것으로 사료됩니다."
,강아지를 키우고 있는데 톡소플라즈마 감염과 관련이 있을까요,"톡소플라즈마 감염은 강아지보다는 주로 고양이의 배설물을 통해 오염된 음식을 섭취함으로써 발생합니다. 태아 톡소플라즈마 감염은 임신주수가 진행하면서 감염률이 높아지지만, 태아감염으로 인한 중증도는 임신 초기일수록 심합니다. 그러나 궁극적으로 감염은 오염된 음식이므로 강아지가 밖에서 톡소플라즈마 감염이 된 음식을 섭취하였다면 감염원이 될 수는 있습니다.
그러므로 고양이나 강아지가 밖에서 아무 음식이나 먹지 않도록 해야 하며, 배설물을 치울 때는 반드시 장갑을 끼고, 강아지나 고양이를 만진 후에는 반드시 손을 깨끗하게 씻고, 음식을 조리할 때도 깨끗이 손을 씻어야 합니다. 날고기는 피하는 것이 좋고, 채소 등도 깨끗이 씻어서 먹어야 합니다. 대부분의 톡소플라즈마 감염은 무증상이므로 혈액검사로 항체 유무를 확인하는 것은 도움이 될 수 있습니다."
,당수치가 높에 나오면 단것을 먹으면 안되나요,고령임신은 말씀하신 대로 고위험군으로 임신성 당뇨도 잘 오므로 식사 조절 및 가벼운 운동(식후 산책)을 하시면서 건강한 임신 생활을 유지하시는 것이 좋습니다. 식사조절은 병원에서 하라는 대로 반드시 지키셔야 하며 과일과 당이 많은 음식은 많이 드시지 않도록 하셔야 합니다.
,기능성 화장품이 태아에게 영향을 미치나요,"어떤 화장품이 중요한가가 아니라 화장품을 구성하는 성분 중에 태아에 기형을 일으킬 수 있도록 일부에서 보고되는 파라벤 등의 내분비계 장애물질 때문에 대한 걱정 때문으로 보입니다. 우선은 화장품의 성분을 조금 따져보시는 것이 좋을 것으로 보입니다. 현재는 저용량의 물질들이 어떤 식의 작용을 하는지는 동물 실험들의 결과는 있지만, 인간에서는 아직 완전히 확실하지 않으므로 임신 초기에는 조금 조심하는 것이 좋아 보인다고 할 수 있습니다."
,임신중인데 담배를 못끊었어요,"임신 중 흡연은 저체중 태아(태아 성장 장애)의 분만, 조산, 자영유산, 태반 조기박리, 최악의 경우에는 태아와 영아 사망을 가져올 수 있습니다. 지금이라도 담배를 끊으신다면 그나마 다행입니다. 현재 태아의 상태에 대한 것은 초음파 등의 검사를 통해 주의 깊은 산전 진찰을 할 필요가 있습니다. 앞으로는 담당 산부인과 선생님과 상의하여 더욱 적극적인 진료를 받으면서 문제가 있을 때, 신속한 대처를 해야 할 것으로 보입니다."
,치질 수술해도 모유수유 할 수 있을까요,"치질 수술은 부위마취(척수 마취 또는 경막외마취, 미측 마취)를 시행하며 사용하는 마취약제가 수유에 영향을 주지 않는 것으로 알려졌고, 일반적으로 마취약제는 24시간 내에 대사되어 밖으로 배출됩니다. 그동안 유축기로 모은 모유를 수유하고, 수술 후에 항생제, 진통제의 사용은 수유에 영향을 주지 않는 약제를 사용하면 되겠습니다. 임신과 출산 후에 외성기는 비대하고 충혈된 상태이기 때문에 구태여 이 시기에 회음절개와 소음순 수술을 함께 받는 것은 바람직하지 않습니다. 치질은 임신 중과 산후 직후에 가장 악화되어 있다가 그 이후에 점차 회복되기 때문에 응급수술이 아니면 치질 수술은 산욕기가 끝나는 산후 6-8주가 바람직합니다."
,제왕절개와 자연분만 후 산후조리법에 차이가 있나요,임신은 산모의 몸에 많은 변화를 가져옵니다. 일반적으로 생각하는 체중 증가 외에도 호르몬 농도의 변화와 심장이나 신장 등 장기의 변화도 포함됩니다. 이런 변화들이 임신 전의 상태로 돌아오는 기간이 산욕기이죠. 따라서 자연분만을 하건 제왕절개를 하건 산욕기 동안 산후 조리는 중요합니다. 산후 조리를 의학적인 차원에서 보면 산후 출혈이나 감염 등을 잘 감시하고 예방하는 것이고요. 민간요법으로 알려진 머리를 감지 않는다든가 찬바람을 쐬지 않는다든가 하는 내용은 의학적으로 검증된 바는 없습니다. 하지만 오랜 시간 동안 경험적으로 전해지는 방법이니 무시할 수는 없겠죠. 또 이미 이전 출산 경험으로 중요성을 느끼셨을 거고요. 임신과 출산으로 지쳐 있던 몸에 충분한 영양을 공급하며 휴식을 취하도록 하시고 환경의 변화와 호르몬의 영향으로 인해 우울해진 마음을 털어내는 것도 중요합니다.
,산후조리 할 때 복대를 바로 착용해야 하나요,"산 후 복대착용은 본인 스스로 편하다고 생각하면 하시면 되고, 불편하면 안 하시면 됩니다. 꼭 해야 하는 것은 아닙니다. 출산 후 칫솔질을 바로 한다고 풍치가 오지는 않습니다. 현재 빈혈은 없지만, 임신 중 철분제 복용의 목적은 빈혈 예방이므로 될 수 있으면 출산 시까지 계속 하루 한 알 드시고, 출산 후 혈액검사에서 빈혈 수치에 따라서 출산 후 얼마 동안 얼마만큼의 철분제 복용을 하는 것이 좋은지는 주치의 선생님께 설명 들으시면 됩니다."
,쌍둥이 출산 시 자연분만 할 수 있나요,"우선 일반적으로 꼭 쌍태아가 아닐 경우라도 자연분만 시 힘을 제대로(젊은 산모분에 비해)주지 못해 난산하는 하는 경우가 상대적으로 더 많습니다. 쌍태아를 임신 하신 경우에는, 태아의 위치에 따라, 수술 여부를 결정할 수 있습니다. 예를 들면,좁을 때 첫 아이가 거꾸로 있는 경우(둔위)에는 수술을 원칙으로 하고, 첫째와 둘째 아이가 정상적으로 있을 (두정위)때는 자연 분만을 하기도 하였으나, 현재는 산모 나이, 골반 상태, 태반 상태, 양수 양 등 여러 상황을 참조로 수술 여부를 결정하기도 합니다. 특히 쌍태아인 경우에는 단태아보다 분만 후 자궁 수축이 상대적으로 더 나쁠 수 있기 때문에 이로 인한 출혈이 더 많을 수 있으므로 더 조심하기도 합니다.( 쌍태아의 경우) 자궁이 더 크기 때문에, 단태아보다 조기 진통이 더 잘 올 수 있으며, 이럴 경우 단태아보다 몸무게가 적게 나갈 수 있기 때문에 더 조심하시는 게 좋다는 말씀입니다. 서울대병원 등에서 정상 분만을 하고 있습니다."
,수유로 인한 유두상처 어떻게 관리해야 하나요,"유두 열상은 모유 수유 중 흔히 있을 수 있는 증상으로 비판텐 연고는 수유로 인한 유두 갈라질 시 흔히 처방되며 수유 직후에 바르시도록 합니다. 유두 열상은 아기가 젖을 물지 않고 유두만 물고 빠는 경우나 젖을 너무 오래 빠는 상황에서 더 심해지니 유의하시길 바랍니다.
유두에서 염증 때문에 고름 양상의 분비물이 보이지는 않는지, 유방의 피부가 붉게 달아오르거나 열감은 없는지, 수유 후에도 지속되는 유방울혈 및 통증 등 유선염이 동반되지 않는지 체크하시는 것도 중요합니다.
수유 시 아기 입에 아구창이 있지는 않은지 수시로 확인해보셔서 이로 인한 유선의 칸디다 감염이 전파되지 않도록 합니다. 수유하지 않을 때는 유두 보호기를 사용하여 유두의 끝이 옷이나 브래지어에 닿지 않도록 하는 것도 도움이 될 수 있습니다. 물론 유두 갈라진 부위가 수유 시 통증이 심한 경우에는 착용을 하시고 수유를 하시는 것도 한 방법입니다. 성공하시길 바랍니다."
,"자궁경부암 검사를 받았는데, 바이러스가 나왔데요","인유두종 바이러스에 감염되면 2년 내에 92%에서 인체의 면역 반응으로 바이러스가 자연 소실이 되며 5~20%에서 일시적인 이형성증과 같은 전구암의 세포 변화를 보이지만 10여 년에 걸쳐 2~4%만이 침윤성 암으로 발전된다고 합니다. 귀하는 악성도가 아주 높은 바이러스는 아니지만 추적 검사는 필요합니다. 3개월 후에 검사에서 특별한 문제가 없다면 6개월에 한 번씩 검사하면 될 것입니다. 자궁경부암을 많이 일으키는 16, 18번 바이러스를 예방하는 자궁경부암 예방접종도 받는 것이 좋을 것 같습니다."
,제왕걸개 후 자연분만 가능한가요,"첫째 아이 제왕절개수술을 하고 둘째 아이 질식분만 하는 것을 브이백 분만이라고 합니다. 브이백 분만이라고 해서 특별한 분만 방법이 있는 것은 아닙니다. 일반적인 질식분만과 차이가 없습니다. 다만, 일반적인 질식분만에 비해서 위험도가 증가하는데 그것은 이전에 제왕절개 했던 자궁 부위가 진통 중 벌어질 수가 있습니다. 이러한 자궁파열은 1,000건당 7건(0.7%)에서 가능하고 이로 인한 태아 뇌손상이나 태아 사망 등의 태아 유병율은 1,000건당 0.4-1(0.1%)건에서 있을 수 있습니다. 그러나 이러한 위험도는 적은 확률이기 때문에 전 세계적으로 산부인과학회에서는 제왕절개를 한 번 하였고 부모가 질식분만을 원하는 경우에는 질식분만을 시도해도 되는 것으로 보고 있습니다. 그러므로 이러한 위험도에 대해서 부부가 같이 잘 상의해 보시는 것이 좋습니다. 브이백 분만을 시도하시거나 또는 상담을 받아보시려면 브이백 분만을 하는지 병원에 문의해보고 찾아가시기 바랍니다. 브이백 분만의 위험성 때문에 브이백 분만을 하는 병원이 많지는 않습니다."
,약을 먹고 젖을 떼면 안좋은건가요,"혹시 젖 삭히는 약을 먹으면서 수유를 갑작스레 딱 끊으신 건 아니신지요?
일반적으로 수유를 중단하기 전에 젖을 짜는 간격을 늘여가면서 젖량을 줄여 가셔야 부작용이 적습니다. 물론 이때는 젖을 완전히 다 짜내시지 말고 통증이 가실 정도로만 하시는 게 좋고, 수유 전에 입으셨던 몸에 맞는 브래지어를 착용하세요. 당연히 아기가 빠는 등의 자극을 주어선 안 되겠지요. 참고로 수유를 갑자기 중단하였을 때 유방울혈이 심해지고 많은 통증과 경우에 따라 피부발적 및 열감 등의 유선염을 동반하기도 합니다. 물론 추가 증상이 있다면 유방 마사지 및 항생제 복용 등의 치료가 필요로 한 경우도 있으니, 혹시 열이 동반될 때 병원에 내원하시길 권유 드립니다. 추가로 현재 젖 끊는 약으로 사용되기도 하는 팔로델은 약 자체가 오심, 구토, 두통 외 저혈압 등의 부작용으로 젖 삭히는 목적으로 처방은 FDA(미국식품의약국)에서 허용되지 않고 있습니다."
,출산 2개월 후 질 출혈이 있어요,"분만 후 자궁 및 임신 중에 일어났던 생리적 변화가 임신 전 상태로 회복되는 시기를 산욕기라고 하며, 대개 6주가량이 소요되는 것으로 보고 있습니다. 현재 출산한 지 8주가 되었고 그동안에 부적절한 오로 등의 증상이 없다가 성관계 후에 소량의 혈액이 섞인 것과 같은 질 분비물이 보였다고 하면 자궁경부 내막의 외번(의학적으로 cervicaleversion, 자궁경부 내막 이외 막으로 노출되는 것) 또는 자궁경부의 미란(의학적으로 cervicalerosion, 자궁경부 외막이 벗겨짐)과 같은 현상에 기인하거나 자궁경부 및 질의 염증에 기인할 수도 있습니다. 위 경우는 분만 후에 정도 차이는 있지만, 출산 후 일부 산모가 겪는 현상입니다. 너무 걱정을 안 하셔도 됩니다. 산부인과 병원을 방문하여 산부인과 내진 및 자궁경부암 검진, 자궁경부 및 질 분비물 균 검사를 받아보시기 바랍니다."
,출산 후 탈모를 줄일 수 있는 방법을 알려주세요,"탈모는 출산 후에 흔히 일어나는 현상이니 너무 걱정하지 않으셔도 됩니다. 다만, 너무 스트레스를 받으신다면 우선은 자극적인 모발 샴푸 사용이나 파마와 염색 등은 삼가세요. 보습이 잘되고 영양 상태를 좋게 해주는 모발 전용을 사용하시는 것도 좋을 것으로 보이며 모발 마사지를 해보시는 것도 나쁘지는 않습니다."
,"출산 후 자녀계획이 없는데, 어떤 피입법이 좋을까요",가장 좋은 것은 남편이 하는 정관수술입니다. 국소마취로 가능하며 또한 나중에 원하는 경우 복원을 쉽게 하실 수 있기 때문입니다. 여성이 하는 나팔관 결찰수술은 전신 마취하에복강경으로 할 수 있습니다.그 외 선택할 수 있는 방법은 자궁 내 피임장치(루프)를 많이 선택하시고요. 위팔에 하는 피임기구나 피임약 복용은 단기간 피임하실 때 선택하게 됩니다. 아무래도 장기간의 피임은 남편 정관수술이나 자궁 내 피임장치를 권합니다. 남편 수술은 비뇨기과를 가셔야 하고 피임장치의 삽입은 산부인과로 가시면 외래에서 곧바로 받으실 수 있습니다.
,출산 후 호박달인 물을 어제 먹어야 하나요,"「산모에게 늙은 호박이 좋다.」라는 구전은 호르몬의 변화가 정상으로 돌아온 뒤, 즉 출산 후 한 달이 지나서도 배뇨에 이상이 있거나 다리 쪽 부종이 심한 경우에 적용한 것에서 비롯된 것이라고 볼 수 있습니다. 유의해야 할 것은 출산 직후 생기는 부종은 신장이 나빠서가 아니라 임신 중 피부에 축적된 수분 때문입니다. 분만이 다가오면 임신부의 몸은 출혈과 수분 손실을 대비하기 위해서 호르몬의 작용으로 충분한 수분을 보관합니다. 그리고 아기를 낳고 나면 몸 안의 호르몬이 갑자기 줄어들면서 수분이 밖으로 빠져나가게 됩니다. 이는 더는 수분을 잡아줄 호르몬이 없기 때문입니다. 산후에 몸 안에 넘치는 수분은 약 2~3리터 정도에 이릅니다. 이 수분은 2주 내에 대부분 저절로 빠져나가게 됩니다. 늙은 호박은 이뇨작용을 돕는 것으로, 출산 직후 복용하면 생리적으로 기능이 활성화된 신장에 오히려 더 부담을 주게 됩니다. 실제 산후 호박복용 때문에 부작용이 종종 나타나고 있습니다. 굳이 호박을 복용하고자 하신다면 적어도 한 달 정도는 지난 후가 적합하다고 봅니다."
